Cód.,Bairro,Domicílios - Total,Domicílios - 1 morador,Domicílios - casa,Domicílios - apartamento,Domicílios ocupação - Próprio,Domicílios ocupação- alugado,Rede geral de esgoto ou pluvial,Lixo Coletado,Média de moradores domicílios,Residente – Total,Residente - não pensionista,10+ anos- Total,10+ anos – alfabetizadas,10+ anos – Taxa de alfabetização,5+ anos – total,5+ anos – alfabetizadas,Rendimento médio mensal dos domicílios (Reais),rendimento mediano mensal dos domicílios (Reais),Rendimento médio mensal 10+ anos,Rendimento mediano mensal 10+ anos,Domicílios até 1 salário mínimo (Unidades),Domicílios até 15+ salário mínimo (Unidades),Domicílios  sem rendimentos (Unidades),Residentes – Homens,Residentes – Mulheres,Residentes – 0 a 9 anos,Residentes – 10 a 19 anos,Residentes – 20 a 29 anos,Residentes – 30 a 39 anos,Residentes – 40 a 49 anos,Residentes – 50 a 59 anos ,Residentes – 60 a 69 anos ,Residentes – 70 ou mais
3201308001,Cruzeiro do Sul - Cariacica,1431,201,1099,329,962,416,1412,1427,2.95,4218,4215,3736,3623,96.98,3988,3841,2130.86,1530,1205.14,800,144,25,55,1997,2221,482,656,697,689,683,502,289,220
3201308002,Vasco da Gama - Cariacica,392,58,372,20,296,95,320,390,2.95,1158,1158,1013,978,96.54,1081,1035,2011.79,1530,1133.08,835,29,2,8,526,632,145,154,214,197,155,140,76,77
3201308003,São Francisco - Cariacica,2162,311,1421,729,1576,503,2083,2162,2.96,6434,6398,5551,5371,96.76,5996,5718,1917.97,1500,1097.38,750,251,39,40,3078,3356,883,1032,1272,1098,933,695,330,191
3201308004,Vila Palestina - Cariacica,1007,144,761,232,610,318,1002,1007,2.94,2966,2958,2659,2560,96.28,2805,2664,2446.75,2000,1372.84,1000,58,27,65,1435,1531,307,412,614,517,439,338,212,127
3201308005,Rosa da Penha - Cariacica,1230,133,1093,106,895,280,1216,1227,3.1,3812,3809,3317,3181,95.9,3569,3380,1986.06,1600,1127.53,800,106,18,65,1820,1992,495,579,696,702,529,405,252,154
3201308006,Itapemirim - Cariacica,802,88,768,33,623,103,736,774,3.16,2535,2535,2145,2010,93.71,2344,2148,1595.42,1290,896.03,600,124,4,19,1227,1308,390,444,486,444,319,260,124,68
3201308007,Jardim Botanico - Cariacica,2046,203,2005,7,1669,261,1572,1913,3.53,7236,7231,5853,5422,92.64,6549,5863,1261.36,1090,723.67,590,356,5,93,3549,3687,1383,1478,1470,1041,898,552,263,151
3201308008,Santa Barbara - Cariacica,1653,178,1545,104,1313,293,1413,1551,3.17,5240,5231,4451,4271,95.96,4829,4520,1675.56,1400,942.24,700,229,6,49,2559,2681,789,929,1032,909,775,452,229,125
3201308009,Morada de Santa Fé - Cariacica,2071,249,1520,508,1523,467,2021,2069,3.03,6272,6265,5492,5341,97.25,5860,5634,2353.6,1900,1298.7,914,150,54,79,3020,3252,780,934,1177,1147,921,658,402,253
3201308010,Santa Paula - Cariacica,147,19,147,-,126,15,15,146,3.2,473,470,404,353,87.38,443,369,1253.41,1020,795.16,600,22,-,7,228,245,69,101,77,81,61,43,29,12
3201308011,Santa Catarina - Cariacica,1241,142,1136,105,923,208,676,1187,3.28,4078,4075,3361,3134,93.25,3717,3373,1346.59,1133,778.02,580,227,3,49,1992,2086,717,772,776,681,496,344,187,105
3201308012,Vista Linda - Cariacica,394,43,389,1,358,18,213,347,3.55,1398,1398,1098,983,89.53,1275,1097,1101.53,1020,665.65,510,83,-,17,678,720,300,286,232,232,139,112,48,49
3201308013,Vila Isabel - Cariacica,600,61,565,5,489,67,470,493,3.37,2025,2021,1641,1504,91.65,1839,1633,1262.92,1020,756.92,570,136,2,17,994,1031,384,395,356,346,231,161,93,59
3201308014,Bandeirantes - Cariacica,1664,162,1646,16,1288,246,1461,1601,3.28,5468,5463,4616,4316,93.5,5027,4599,1431.2,1210,789.34,600,241,3,35,2668,2800,852,986,1072,899,733,567,211,148
3201308015,Caçaroca - Cariacica,125,17,125,-,100,12,13,99,3.49,436,436,352,337,95.74,402,371,1386.57,1250,763.53,580,26,-,2,214,222,84,82,85,64,58,31,17,15
3201308016,Alzira Ramos - Cariacica,628,85,627,1,520,52,55,418,3.3,2075,2075,1680,1536,91.43,1887,1660,1083.18,1000,678.88,510,185,-,27,1088,987,395,397,356,332,243,189,106,57
3201308017,Jardim de Alah - Cariacica,682,69,681,-,581,69,441,614,3.33,2271,2268,1882,1735,92.19,2081,1853,1365.41,1110,749.98,580,101,3,18,1118,1153,389,429,440,381,263,201,105,63
3201308018,Padre Gabriel - Cariacica,1330,163,1329,1,1160,136,1149,1286,3.54,4710,4703,3633,3227,88.82,4187,3475,1111.44,955,681.46,510,357,4,61,2352,2358,1077,989,915,605,548,324,155,97
3201308019,Jardim Campo Grande - Cariacica,866,101,857,1,691,97,57,670,3.41,2957,2957,2377,2203,92.68,2654,2383,1162.48,1020,701.54,510,208,1,28,1458,1499,580,611,516,485,314,255,128,68
3201308020,Campo Belo - Cariacica,368,41,368,-,320,44,285,352,3.42,1257,1256,1048,978,93.32,1155,1046,1370.46,1160,794.11,600,56,1,13,632,625,209,265,232,202,143,106,61,39
3201308021,São Benedito - Cariacica,546,53,538,5,459,75,518,536,3.29,1797,1796,1505,1424,94.62,1662,1544,1286.51,1022,752.07,511,80,3,28,865,932,292,314,342,297,232,163,88,69
3201308022,Castelo Branco - Cariacica,2855,293,2780,60,2241,403,2392,2721,3.31,9451,9448,7751,7242,93.43,8642,7824,1327.95,1110,775.03,600,485,4,69,4603,4848,1700,1797,1723,1640,1036,845,423,287
3201308023,Vista Mar - Cariacica,1906,213,1882,19,1563,262,1650,1828,3.27,6224,6224,5199,4907,94.38,5729,5288,1473.51,1200,847.21,600,309,5,62,2962,3262,1025,1078,1248,1039,754,658,247,175
3201308024,Sotelandia - Cariacica,658,69,655,3,500,121,521,632,3.28,2160,2155,1761,1658,94.15,1956,1794,1364.78,1154,791.73,600,108,1,19,1035,1125,399,389,421,347,269,203,72,60
3201308025,Bela Aurora - Cariacica,1877,230,1774,98,1465,366,1775,1865,3.1,5827,5824,5026,4816,95.82,5453,5141,1713.29,1410,995.95,700,227,15,90,2814,3013,801,927,1073,896,862,612,355,301
3201308026,Maracanã - Cariacica,786,67,764,22,602,112,730,779,3.27,2570,2567,2175,2079,95.59,2392,2239,1652.73,1310,964.45,700,100,8,23,1269,1301,395,473,455,427,373,251,127,69
3201308027,Boa Sorte - Cariacica,1584,178,1344,239,1175,227,1513,1536,3.13,4954,4954,4263,4112,96.46,4624,4385,1617.51,1400,923.29,700,179,11,64,2441,2513,691,829,951,833,699,490,278,183
3201308028,São Conrado - Cariacica,573,48,493,54,473,91,435,571,3.41,1978,1953,1670,1579,94.55,1829,1707,1592.11,1267.5,963.78,600,58,6,49,977,1001,308,376,336,303,312,176,100,67
3201308029,Vera Cruz - Cariacica,828,83,744,81,567,188,793,822,3.14,2601,2597,2268,2195,96.78,2435,2316,2233,1755,1221.41,880,61,14,22,1256,1345,333,409,487,368,439,270,149,146
3201308030,Jardim América - Cariacica,2677,363,2359,316,1829,730,2533,2676,3,8069,8025,7102,6975,98.21,7603,7352,2775.75,2020,1496.6,1000,173,114,35,3732,4337,967,1105,1349,1289,1186,941,619,613
3201308031,Chácaras União - Cariacica,37,2,37,-,33,-,31,37,3.59,133,133,116,98,84.48,126,106,1287.73,1020,768.48,510,4,-,3,73,60,17,31,20,18,19,18,6,4
3201308032,São Geraldo - Cariacica,1568,202,1117,441,1153,350,1529,1566,3.02,4736,4735,4159,4053,97.45,4431,4270,2198.46,1770,1216.98,850,133,31,48,2304,2432,577,735,835,812,750,517,311,199
3201308033,Parque Gramado - Cariacica,312,37,309,2,237,48,246,284,3.31,1038,1032,871,813,93.34,957,874,1396.99,1200,836.3,600,58,-,9,519,519,167,226,168,182,137,89,40,29
3201308034,Rio Marinho - Cariacica,1566,141,1531,12,1254,227,1118,1524,3.4,5335,5328,4407,4115,93.37,4867,4412,1377.05,1200,794.15,600,231,4,87,2629,2706,928,1015,1076,881,662,426,219,128
3201308035,Área Não Identificada 2/2 - Cariacica,6,2,6,-,3,-,1,2,3,18,18,13,11,84.62,17,14,1238.33,605,928.75,605,3,-,-,11,7,5,1,4,2,3,1,-,2
3201308036,Área Não Identificada 1/2 - Cariacica,49,4,49,-,43,2,-,13,3.35,177,164,153,132,86.27,166,142,1550.37,1020,926.44,510,10,-,5,101,76,24,32,31,33,14,12,18,13
3201308037,Alice Coutinho - Cariacica,302,45,302,-,275,19,34,213,3.45,1043,1042,790,695,87.97,909,752,753.52,650,578.87,510,106,-,33,494,549,253,214,202,173,92,54,36,19
3201308038,Antônio Ferreira Borges - Cariacica,506,46,506,-,426,40,276,436,3.43,1738,1738,1471,1358,92.32,1624,1459,1497.56,1200,790.16,570,84,4,15,866,872,267,298,358,245,239,154,94,83
3201308039,Cariacica Sede - Cariacica,1918,200,1889,9,1670,175,948,1687,3.33,6555,6379,5650,5340,94.51,6123,5720,1831.7,1400,1011.24,700,212,33,69,3221,3334,905,1096,1177,1106,858,645,406,362
3201308040,Prolar - Cariacica,986,94,982,3,818,136,357,862,3.33,3292,3284,2699,2471,91.55,3010,2675,1235.76,1020,739.37,568.5,180,3,51,1613,1679,593,639,604,547,420,278,108,103
3201308041,Vila Merlo - Cariacica,700,68,698,1,596,82,133,628,3.2,2264,2241,1915,1758,91.8,2089,1866,1541.29,1200,894.23,640,111,3,19,1106,1158,349,378,429,384,298,228,117,81
3201308042,Porto de Cariacica - Cariacica,1311,144,1310,1,1110,142,451,1100,3.33,4376,4368,3624,3320,91.61,3995,3561,1367.43,1040,830.63,600,224,10,52,2166,2210,752,825,795,717,482,426,224,155
3201308043,Santa Luzia - Cariacica,686,59,678,7,594,63,529,621,3.42,2602,2342,2191,2028,92.56,2417,2179,1364.1,1110,788.68,600,110,2,23,1340,1262,411,633,462,367,306,244,112,67
3201308044,São João Batista - Cariacica,612,80,609,3,492,82,444,442,3.27,2005,2002,1674,1511,90.26,1854,1622,1391.5,1031,802.96,600,137,3,16,991,1014,331,358,371,317,250,163,118,97
3201308045,Tucum - Cariacica,894,113,884,2,713,115,664,813,3.07,2915,2738,2538,2380,93.77,2720,2492,1879.53,1476,1058,700,101,9,23,1489,1426,377,500,464,430,480,340,160,164
3201308046,Itaciba - Cariacica,2525,288,2310,178,1927,469,2244,2482,3.15,7953,7946,6927,6696,96.67,7450,7083,2004.15,1530,1095.06,750,252,34,95,3826,4127,1026,1237,1481,1229,1136,918,530,396
3201308047,Nova Brasília - Cariacica,1832,199,1747,84,1518,284,1673,1812,3.15,5766,5762,5054,4896,96.87,5415,5197,1799.84,1500,1049.63,760,202,17,80,2769,2997,712,923,1024,950,802,684,397,274
3201308048,Oriente - Cariacica,1468,179,1450,3,1233,170,1360,1405,3.14,4612,4602,3968,3739,94.23,4291,3975,1555.56,1300,886.46,645,206,8,47,2239,2373,644,766,902,705,644,474,260,217
3201308049,Alto Lage - Cariacica,2153,273,2023,129,1436,446,2005,2109,3.04,6551,6549,5776,5596,96.88,6164,5882,2354.56,1710,1270.94,810,200,56,43,3116,3435,775,991,1179,985,994,783,408,436
3201308050,Expedito - Cariacica,728,89,724,2,567,83,728,726,3.14,2286,2286,2003,1923,96.01,2149,2036,1878.08,1530,1083.4,800,71,10,41,1092,1194,283,356,385,381,322,280,156,123
3201308051,Sotema - Cariacica,446,62,437,4,318,78,441,446,3.13,1399,1398,1200,1159,96.58,1296,1220,1832.09,1500,1054.91,750,46,4,22,641,758,199,215,262,200,190,163,96,74
3201308052,Alto da Boa Vista - Cariacica,916,150,905,11,702,127,892,907,3.13,2869,2869,2454,2369,96.54,2656,2525,1896.08,1510,1078.09,750,104,12,34,1375,1494,415,435,549,419,392,323,174,162
3201308053,Itaquari - Cariacica,1185,155,1142,35,862,209,1158,1183,3.15,3734,3730,3283,3169,96.53,3515,3355,2277.87,1700,1239.1,800,107,36,34,1777,1957,451,563,655,569,574,427,269,226
3201308054,Rio Branco - Cariacica,874,107,841,30,753,106,843,856,3.14,2744,2744,2336,2207,94.48,2547,2376,1440.51,1200,826.12,600,124,5,28,1298,1446,408,462,505,471,372,264,151,111
3201308055,Itangua - Cariacica,1867,227,1662,197,1448,316,1765,1845,3.15,5876,5875,5018,4793,95.52,5459,5136,1679.67,1400,953.91,700,229,15,102,2800,3076,858,962,1154,941,814,596,314,237
3201308056,Dom Bosco - Cariacica,753,101,544,205,490,213,734,748,3.04,2304,2289,1980,1903,96.11,2145,2013,2050.97,1610,1134.86,800,74,18,22,1146,1158,324,341,458,396,307,256,115,107
3201308057,Santa Cecilia - Cariacica,674,80,593,78,495,122,597,637,3.04,2059,2049,1801,1718,95.39,1935,1828,1863.12,1500,1022.75,800,81,7,16,991,1068,258,334,385,327,322,213,122,98
3201308058,Vila Cajueiro - Cariacica,42,6,42,-,32,2,-,16,3.33,140,140,121,86,71.07,130,92,1064.76,755,688,510,15,-,-,71,69,19,22,26,25,19,14,7,8
3201308059,Pica-Pau - Cariacica,125,23,125,-,96,6,-,104,3.02,547,377,471,385,81.74,512,410,797.28,600,569.33,510,51,-,9,274,273,76,103,92,59,62,57,42,56
3201308060,Porto das Pedras - Cariacica,..,..,X,X,X,X,..,..,X,10,..,X,..,X,..,..,X,X,X,X,..,..,X,..,..,..,..,..,..,..,..,..,..
3201308061,Nova Rosa da Penha - Cariacica,4100,508,4096,3,3609,367,2253,3786,3.38,13849,13848,11216,10205,90.99,12600,11078,1008.42,1020,648.35,510,1031,4,275,6819,7030,2633,2854,2815,2118,1379,1128,562,360
3201308062,Porto Engenho - Cariacica,..,..,X,X,X,X,..,..,X,9,..,X,..,X,..,..,X,X,X,X,..,..,X,..,..,..,..,..,..,..,..,..,..
3201308063,Nova Canaa - Cariacica,749,80,744,5,671,51,426,647,3.55,2662,2662,2193,2013,91.79,2429,2167,1086.18,1020,703.15,600,135,-,64,1313,1349,469,610,494,396,314,195,106,78
3201308064,Porto Novo - Cariacica,2254,224,2249,5,1842,272,1491,2113,3.43,7740,7737,6337,5916,93.36,7068,6400,1469.42,1157.5,836.88,600,400,18,58,3823,3917,1403,1499,1457,1270,957,601,330,223
3201308065,Presidente Medice - Cariacica,2383,246,2371,7,1932,264,2275,2369,3.34,7971,7967,6713,6252,93.13,7406,6702,1450.77,1217.5,785.67,600,350,4,57,3889,4082,1258,1462,1412,1368,1040,699,391,341
3201308066,Flexal I - Cariacica,1147,101,1142,-,1000,97,610,1011,3.41,3917,3917,3129,2890,92.36,3552,3208,1429.8,1210,807.47,620,163,3,35,1968,1949,788,726,848,625,364,303,156,107
3201308067,Retiro Saudoso - Cariacica,543,64,542,-,465,57,84,473,3.41,1853,1853,1492,1382,92.63,1691,1539,896.5,869,670.52,510,117,-,91,918,935,361,379,336,311,225,130,71,40
3201308068,Grauna - Cariacica,1245,134,1234,10,1070,132,772,1183,3.37,4201,4198,3492,3236,92.67,3867,3483,1405.34,1200,823.07,600,191,6,78,2053,2148,709,771,821,669,532,392,180,127
3201308069,Aparecida - Cariacica,1594,172,1591,-,1253,177,1376,1492,3.42,5460,5454,4493,4139,92.12,4989,4488,1174.68,1020,690.13,519,295,1,76,2730,2730,967,1132,1041,872,637,412,212,187
3201308070,Porto Santana - Cariacica,2077,225,2044,26,1642,342,1574,2069,3.24,6733,6730,5760,5502,95.52,6256,5871,1916.38,1500,1046.03,730,222,24,45,3250,3483,973,1089,1309,1041,971,673,366,311
3201308071,Nova Valverde - Cariacica,899,62,887,10,763,111,627,826,3.45,3099,3099,2573,2413,93.78,2840,2594,1346.32,1150,809.59,600,129,2,51,1535,1564,526,551,576,522,394,300,141,89
3201308072,Bubú - Cariacica,397,47,397,-,365,22,105,345,3.36,1332,1332,1122,1064,94.83,1223,1135,1532.4,1300,920.37,700,48,2,21,668,664,210,233,245,213,169,127,62,73
3201308073,Campo Verde - Cariacica,1293,147,1264,10,1080,161,847,1220,3.33,4301,4301,3654,3401,93.08,3993,3621,1337.34,1110,776.81,600,220,3,35,2133,2168,647,888,829,666,546,426,165,134
3201308074,Vila Prudêncio - Cariacica,853,90,843,10,717,87,332,683,3.4,2903,2903,2404,2195,91.31,2656,2356,1220.58,1040,705.87,550,126,-,42,1422,1481,499,572,590,453,362,224,117,86
3201308075,Cangaíba - Cariacica,88,11,85,3,74,3,17,61,3.03,267,267,238,227,95.38,250,237,1401.78,1410,900.42,700,10,-,11,157,110,29,43,44,47,39,35,23,7
3201308076,Planeta - Cariacica,395,49,394,-,318,50,291,334,3.34,1319,1319,1114,1049,94.17,1216,1119,1264.42,1020,731.25,550,81,1,14,627,692,205,264,257,210,199,116,42,26
3201308077,Santana - Cariacica,1964,209,1943,21,1559,343,1855,1941,3.26,6403,6400,5438,5253,96.6,5938,5624,1938.21,1510,1087.12,800,174,29,85,3117,3286,965,1069,1201,1205,798,570,371,224
3201308078,Tabajara - Cariacica,332,43,332,-,267,52,271,330,3.15,1047,1047,903,872,96.57,985,940,1608.96,1350,903.85,755,22,-,4,515,532,144,183,184,186,140,106,63,41
3201308079,Santo Antônio - Cariacica,755,68,751,4,636,93,457,735,3.35,2550,2528,2105,1949,92.59,2339,2088,1351.44,1133.5,771.92,600,112,1,23,1212,1338,445,454,510,396,308,244,118,75
3201308080,Novo Horizonte - Cariacica,922,135,917,5,721,149,501,859,3.12,2877,2877,2405,2224,92.47,2637,2399,1099.75,1005,700.74,527,198,-,62,1442,1435,472,530,595,480,375,230,123,72
3201308081,São Gonçalo - Cariacica,241,35,241,-,214,19,145,220,3.09,756,744,633,578,91.31,698,619,958.56,960,673.4,510,63,-,28,371,385,123,139,159,106,89,77,35,28
3201308082,Piranema - Cariacica,609,83,598,11,522,60,276,490,3.1,1893,1889,1621,1498,92.41,1751,1589,1322.32,1020,811.18,600,105,-,38,957,936,272,318,385,284,285,179,93,77
3201308083,Vila dos Reis - Cariacica,938,111,930,7,809,98,381,841,3.34,3137,3134,2591,2417,93.28,2874,2614,1127.86,1020,709.23,510,229,4,37,1532,1605,546,626,620,512,364,260,107,102
3201308084,Novo Brasil - Cariacica,977,133,969,7,767,131,125,746,3.13,3061,3055,2531,2302,90.95,2801,2477,1195.91,1020,735.6,510,228,2,52,1493,1568,530,564,541,459,392,283,167,125
3201308085,Nova Campo Grande - Cariacica,111,19,111,-,90,5,2,42,3.21,357,356,283,248,87.63,324,276,1074.24,700,672.76,510,37,-,3,176,181,74,63,54,48,41,32,26,19
3201308086,Vista Dourada - Cariacica,804,96,798,6,683,79,328,720,3.39,2728,2726,2265,2120,93.6,2495,2277,1167.39,1020,703.58,512.5,179,-,40,1384,1344,463,548,504,465,338,228,106,76
3201308087,Mucuri - Cariacica,872,94,713,152,703,125,744,855,3.27,2855,2854,2381,2239,94.04,2621,2409,1239,1022,760.85,560,147,2,65,1419,1436,474,499,601,438,368,274,120,81
3201308088,Vila Independência - Cariacica,1727,197,1495,221,1366,306,1583,1705,3.17,5478,5477,4645,4366,93.99,5058,4697,1392.36,1020,834.53,600,341,6,78,2679,2799,833,955,1063,917,739,517,262,192
3201308089,Flexal II - Cariacica,1975,214,1971,3,1749,152,1552,1699,3.45,6820,6815,5469,4913,89.83,6173,5347,1045.76,1020,646.8,510,456,1,106,3331,3489,1351,1395,1316,1028,756,520,295,159
3201308090,Serra do Anil - Cariacica,31,3,31,-,26,3,5,16,3.45,107,107,86,82,95.35,99,89,1598.55,1150,971.67,700,1,-,3,60,47,21,15,21,18,18,7,5,2
3201308091,Nova Esperança - Cariacica,1144,241,1143,-,1052,70,146,1037,3.04,3484,3483,2796,2565,91.74,3178,2834,771.32,700,577.1,510,311,-,149,1734,1750,688,692,680,583,341,257,148,95
3201308092,Operário - Cariacica,934,103,928,5,785,113,590,888,3.22,3009,3007,2543,2333,91.74,2777,2490,1260.32,1100,771.55,600,164,1,78,1505,1504,466,524,585,500,366,313,143,112
3201308093,Vila Capixaba - Cariacica,1790,208,1077,705,1207,515,1633,1787,2.96,5307,5298,4685,4577,97.69,4972,4816,2388.14,1900,1307.02,1000,137,42,49,2538,2769,622,691,1074,910,754,604,382,270
3201308094,Campo Grande - Cariacica,4454,659,1734,2706,2762,1523,4353,4451,2.89,12897,12876,11658,11459,98.29,12329,12006,3315.63,2500,1798.2,1200,216,297,145,6005,6892,1239,1784,2418,1957,2052,1730,924,793
3201308095,Vila Esperança - Cariacica,507,53,437,69,422,75,494,507,3.1,1572,1572,1392,1377,98.92,1488,1452,2780.12,2220,1468.25,1100,15,20,10,736,836,180,212,226,262,268,161,135,128
3201308096,Campina Grande - Cariacica,875,80,846,28,740,102,347,772,3.39,2969,2969,2489,2317,93.09,2739,2482,1373.07,1200,777.63,600,128,1,24,1492,1477,480,601,548,485,410,236,130,79
3201308097,Santo André - Cariacica,1363,146,1323,37,1079,218,1179,1317,3.16,4314,4312,3664,3484,95.09,4028,3756,1629.28,1357,896.61,650,180,14,40,2109,2205,650,752,794,783,594,412,194,135
3201308098,Formate - Cariacica,30,3,30,-,25,-,17,23,3.3,114,99,102,90,88.24,108,92,1317.27,1300,721.34,612.5,4,-,1,57,57,12,21,21,18,13,13,11,5
3201308099,Tiradentes - Cariacica,244,22,237,7,193,45,244,243,3.36,819,819,668,637,95.36,741,687,1612.57,1310,917.17,700,28,-,3,398,421,151,149,149,143,112,76,28,11
3201308100,São Geraldo II - Cariacica,804,93,692,112,599,163,764,804,2.94,2363,2363,2045,1978,96.72,2194,2090,1849.47,1510,1052.35,800,69,6,12,1152,1211,318,346,472,418,366,262,113,68
3205002001,Parque das Gaivotas - Serra,1094,114,1083,5,853,168,12,1053,3.57,3915,3905,3132,2825,90.2,3529,3023,1233.7,1000,777.68,510,228,6,59,1957,1958,783,848,686,559,460,328,155,96
3205002002,Praiamar - Serra,577,53,560,6,445,89,20,575,3.54,2045,2044,1651,1493,90.43,1859,1597,1450.78,1183.5,875.03,600,110,1,19,1039,1006,394,391,400,318,242,160,94,46
3205002003,Parque Nova Fé - Serra,219,16,214,2,129,59,33,219,3.35,744,734,601,579,96.34,680,626,2152.28,1600,1198.62,800,26,5,8,332,412,143,123,107,118,89,80,49,35
3205002004,Serramar - Serra,865,81,862,3,647,167,26,865,3.41,2952,2948,2501,2362,94.44,2728,2511,1746.28,1445.5,997.81,700,113,9,27,1431,1521,451,591,498,510,400,271,137,94
3205002005,Reis Magos - Serra,233,23,209,22,148,73,37,232,3.22,751,748,648,631,97.38,698,666,2832.58,1780,1559,1000,22,15,2,359,392,103,116,110,123,97,89,49,64
3205002006,Nova Almeida Centro - Serra,112,18,94,18,64,48,50,112,3.08,345,344,308,281,91.23,325,295,2399.26,1610,1367.65,800,10,5,4,168,177,37,61,71,40,47,47,18,24
3205002007,Boa Vista (Nova Almeida) - Serra,448,50,444,-,353,71,102,408,3.64,1631,1630,1341,1255,93.59,1502,1359,1511.42,1200,890.44,600,68,2,21,840,791,290,321,333,219,207,119,87,55
3205002008,São João - Serra,716,84,701,15,562,108,608,696,3.45,2470,2470,2074,1914,92.29,2286,2066,1633.76,1221,972.38,650,117,11,40,1221,1249,396,457,440,398,309,226,129,115
3205002009,Bairro Novo - Serra,124,14,116,8,78,37,95,124,3.07,414,379,375,352,93.87,400,366,2924.03,2060,1568.67,1000,12,8,4,179,235,39,59,72,47,58,58,31,50
3205002010,Marbela - Serra,85,4,85,-,65,12,29,85,3.22,274,274,238,231,97.06,257,246,3279.36,2530,1786.83,1000,3,5,3,137,137,36,41,39,49,42,38,16,13
3205002011,Costabela - Serra,295,27,294,-,213,58,36,295,3.34,984,983,835,811,97.13,918,870,2355.76,1750,1360.97,1000,25,9,11,496,488,149,170,155,169,148,107,52,34
3205002012,Praia de Capuaba - Serra,207,36,201,2,152,35,6,198,3.23,673,668,569,514,90.33,621,544,1902.19,1300,1043.53,600,27,4,1,326,347,104,149,109,104,96,67,25,19
3205002013,Enseada de Jacaraípe - Serra,327,33,325,-,244,63,20,325,3.36,1098,1096,929,887,95.48,1016,948,1997.7,1510,1094.09,700,45,7,5,543,555,169,200,187,167,171,105,62,37
3205002014,São Francisco - Serra,648,76,602,44,426,158,38,647,3.22,2086,2078,1785,1739,97.42,1930,1868,2596.88,1850,1443.48,956,47,35,10,1025,1061,301,370,369,335,312,224,112,63
3205002015,Bairro das Laranjeiras - Serra,4080,480,3675,180,2481,1271,3360,4006,3.3,13502,13452,11314,10657,94.19,12393,11364,1939.78,1310,1107,650,588,105,129,6668,6834,2188,2562,2695,2087,1715,1273,560,422
3205002016,Lagoa Jacaraípe - Serra,498,63,482,1,386,72,2,471,3.3,1645,1643,1335,1248,93.48,1490,1336,1469.32,1200,875.95,630,81,2,18,821,824,310,291,306,255,195,153,88,47
3205002017,Residencial Jacaraípe - Serra,1251,155,1221,25,932,230,287,1180,3.53,4419,4412,3530,3259,92.32,3969,3485,1484.81,1110,897.8,600,207,11,52,2225,2194,889,948,779,685,504,360,155,99
3205002018,Costa Dourada - Serra,369,37,362,6,265,78,106,366,3.59,1325,1324,1062,1003,94.44,1195,1118,1349.13,1042,785,550,65,1,6,667,658,263,285,230,219,166,104,33,25
3205002019,Jardim Atlântico - Serra,937,92,841,95,610,269,850,931,3.31,3099,3090,2706,2622,96.9,2923,2784,3363.37,2200,1771.78,1000,65,76,10,1491,1608,393,523,565,516,414,351,189,148
3205002020,Belvedere - Serra,256,48,255,1,201,20,11,125,3.26,835,835,651,535,82.18,741,584,891.55,800,620.21,510,84,1,10,416,419,184,146,139,137,94,67,40,28
3205002021,Estância Monazítica - Serra,618,115,350,261,318,249,598,616,2.74,1694,1690,1509,1490,98.74,1598,1562,3754.79,2775,2212.21,1500,18,64,8,823,871,185,211,311,281,227,253,148,78
3205002022,São Patrício - Serra,384,47,363,3,261,109,89,384,3.21,1232,1231,1036,1020,98.46,1139,1105,2212.99,1800,1263.88,900,34,10,19,594,638,196,204,242,232,156,118,68,16
3205002023,Parque Jacaraípe - Serra,1035,127,879,152,683,293,943,1034,3.21,3333,3316,2888,2807,97.2,3118,2992,3275.01,2200,1765.33,1020,67,82,14,1606,1727,445,510,596,556,443,397,206,180
3205002024,São Pedro - Serra,223,29,222,1,180,41,147,221,3.32,740,738,633,602,95.1,690,635,1904.9,1500,1066.26,700,25,3,8,360,380,107,123,150,118,109,71,28,34
3205002025,Castelândia - Serra,391,49,350,41,216,141,373,391,3.09,1228,1209,1084,1061,97.88,1160,1126,3102.06,2150,1735.24,1035,27,34,11,610,618,144,183,220,199,184,166,82,50
3205002026,Conjunto Jacaraípe - Serra,1115,159,72,1034,799,263,1112,1114,2.78,3101,3100,2720,2687,98.79,2919,2855,2791.24,2200,1652.11,1200,47,27,20,1495,1606,381,464,664,555,458,323,144,112
3205002027,Valparaíso - Serra,1953,241,410,1499,1425,463,1943,1952,2.91,5683,5676,5056,5032,99.53,5372,5323,3686.3,3050,2158.45,1500,46,125,80,2631,3052,627,885,1098,1026,887,736,283,141
3205002028,Portal de Jacaraípe - Serra,298,28,273,20,188,86,259,298,3.3,988,982,847,824,97.28,921,878,3038.67,2490,1595.29,1000,10,19,2,496,492,141,146,199,179,135,102,54,32
3205002029,Centro Industrial do Município - Serra,17,3,17,-,9,2,15,15,3.12,53,51,49,46,93.88,52,49,1628.24,1190,909.03,800,2,-,1,25,28,4,12,8,9,6,8,5,1
3205002030,Sítio Irema - Serra,132,18,127,2,76,36,86,131,3.02,399,398,350,344,98.29,373,362,2553.85,1800,1463.89,1000,11,8,5,196,203,49,70,68,60,63,46,21,22
3205002031,Feu Rosa - Serra,5912,639,5752,91,4099,1399,5594,5866,3.3,19532,19504,16389,15667,95.59,17953,16702,1485.23,1216,847.5,600,771,17,251,9529,10003,3143,3627,4205,2929,2534,1847,781,466
3205002032,Condomínio Ecológico Parque da Lagoa - Serra,8,2,8,-,5,-,3,4,2.25,23,18,23,19,82.61,23,19,935,755,570.71,510,1,-,-,14,9,-,5,4,1,4,4,3,2
3205002033,Vila Nova de Colares - Serra,4960,542,4619,141,3393,1191,4620,4936,3.42,17015,16976,13764,12638,91.82,15506,13627,1207.38,1020,709.07,547,910,12,204,8518,8497,3251,3633,3502,2656,2038,1132,481,322
3205002034,Ourimar - Serra,59,5,57,1,51,3,1,51,3.63,214,214,177,168,94.92,193,180,2101.83,1705,1240.08,895,6,1,7,112,102,37,31,30,43,28,25,12,8
3205002035,Manguinhos - Serra,425,61,395,23,308,62,228,424,2.95,1257,1241,1113,1094,98.29,1192,1161,5952.57,4000,3112.15,1640,21,107,7,624,633,144,143,188,206,178,212,106,80
3205002036,Parque Residencial Laranjeiras - Serra,2630,325,2316,218,1817,650,2352,2612,3.11,8216,8174,7266,7088,97.55,7749,7452,3756.32,2700,1976.41,1200,147,279,67,3874,4342,950,1082,1524,1262,1143,1119,676,460
3205002037,Camará - Serra,163,15,160,3,125,33,153,162,3.29,536,536,451,429,95.12,504,469,1591.25,1310,900.6,700,20,1,4,262,274,85,96,85,107,78,41,26,18
3205002038,Morada de Laranjeiras - Serra,1942,245,687,1172,1393,507,1915,1939,2.8,5460,5427,4522,4465,98.74,4955,4812,3709.49,3000,2153.95,1500,54,182,23,2642,2818,938,675,984,1435,808,391,141,88
3205002039,Nova Zelândia - Serra,276,37,244,29,199,47,197,270,3.31,916,913,787,703,89.33,847,738,1468.63,1211,802.89,610,41,-,3,465,451,129,201,185,138,115,97,26,25
3205002040,Guaraciaba - Serra,728,107,370,355,499,192,652,728,2.92,2128,2121,1773,1731,97.63,1952,1859,2350.34,1900,1398.84,1000,46,11,11,1018,1110,355,301,460,449,276,171,75,41
3205002041,Civit II - Serra,34,2,34,-,30,1,32,32,3.65,124,124,106,103,97.17,119,113,3525.79,2800,2103.11,1500,2,4,1,47,77,18,19,21,16,18,19,8,5
3205002042,Jardim Limoeiro - Serra,2361,419,1021,1254,1831,443,1982,2328,2.76,6594,6508,5704,5476,96,6125,5766,2218.58,2000,1302.14,1000,134,32,69,3344,3250,890,886,1586,1419,878,507,235,193
3205002043,Bicanga - Serra,516,67,514,1,328,137,258,513,3.03,1571,1563,1361,1315,96.62,1471,1389,2592.3,1705,1527.12,990,44,29,12,796,775,210,241,280,259,222,202,101,56
3205002044,Balneário de Carapebus - Serra,1324,163,1312,10,833,255,106,1308,3.35,4441,4421,3651,3448,94.44,4056,3728,1551.13,1200,974.4,637.5,190,22,88,2229,2212,790,949,809,751,565,332,147,98
3205002045,Alterozas - Serra,511,58,504,5,344,136,382,508,3.21,1641,1641,1395,1355,97.13,1520,1455,1996.52,1710,1145.03,800,40,4,10,831,810,246,323,313,291,263,129,58,18
3205002046,Cidade Continental - Serra,3134,266,3095,37,2426,600,3111,3133,3.3,10356,10328,8900,8733,98.12,9659,9335,2230.91,1900,1202.29,900,171,41,65,5015,5341,1456,1886,1890,1713,1749,1011,382,269
3205002047,Praia de Carapebus - Serra,1661,188,1616,39,1215,341,304,1650,3.29,5462,5459,4521,4370,96.66,5001,4743,1744.83,1400,991.01,700,175,15,32,2715,2747,941,992,1075,956,719,432,217,130
3205002048,Chácara Parreiral - Serra,341,37,298,43,216,116,337,341,3.04,1036,1036,913,900,98.58,979,955,2669.56,2050,1667.25,1205,17,11,28,520,516,123,119,200,174,166,135,78,41
3205002049,Novo Horizonte - Serra,4460,700,4058,251,2203,1988,4219,4409,3.17,14146,14127,11575,10717,92.59,12855,11448,1352.51,1100,819.83,600,719,16,183,7281,6865,2571,2591,3507,2401,1520,937,378,241
3205002050,São Diogo II - Serra,252,34,208,43,160,82,225,252,3.02,761,759,676,652,96.45,715,682,3493.43,2600,1772.8,1300,5,18,3,366,395,85,102,152,136,110,85,52,39
3205002051,São Diogo I - Serra,1039,136,365,670,748,250,814,1039,2.89,3004,3002,2632,2605,98.97,2804,2742,3585.08,3000,1986.37,1500,32,58,15,1452,1552,372,399,683,641,398,312,129,70
3205002052,São Geraldo - Serra,526,70,457,41,287,184,504,525,3.14,1651,1646,1438,1343,93.39,1529,1399,1684.98,1396,897.47,700,48,7,20,860,791,213,287,432,271,204,134,55,55
3205002053,Manoel Plaza - Serra,928,74,914,4,599,217,814,843,3.35,3113,3105,2723,2677,98.31,2936,2849,2788.3,2212.5,1453.9,1000,55,36,16,1484,1629,390,443,638,540,376,404,216,106
3205002054,Eurico Salles - Serra,410,44,397,11,317,61,403,410,3.19,1311,1308,1189,1173,98.65,1253,1227,3978,3200,1876.55,1400,17,48,1,617,694,122,154,242,221,156,206,99,111
3205002055,Rosário de Fátima - Serra,524,71,381,108,316,169,511,524,3.07,1609,1603,1398,1353,96.78,1510,1451,2467.78,1620,1331.47,900,44,20,7,817,792,211,221,360,252,215,183,104,63
3205002056,Boa Vista (Carapina) - Serra,845,107,762,60,565,252,805,836,3.14,2663,2656,2260,2152,95.22,2465,2286,1620.96,1275,937.41,700,113,13,28,1283,1380,403,503,519,444,359,238,116,81
3205002057,Jardim Carapina - Serra,4105,491,4024,40,2921,957,3767,4085,3.42,14052,14048,11378,10558,92.79,12728,11449,1203.45,1020,722.68,550,739,6,172,6949,7103,2674,2971,2889,2238,1633,957,441,249
3205002058,Santa Luzia - Serra,998,136,182,635,828,141,973,998,2.9,2890,2889,2436,2365,97.09,2646,2531,4112.24,2715,2334.77,1500,36,147,20,1421,1469,454,421,555,786,394,178,68,34
3205002059,Terminal Intermodal da Serra - Serra (ES),..,..,X,X,X,X,..,..,X,1,..,X,..,X,..,..,X,-,..,..,..,..,X,..,..,..,..,..,..,..,..,..,..
3205002060,André Carlone - Serra,2185,348,782,1397,1491,603,2165,2185,2.78,6072,6064,5369,5260,97.97,5738,5551,2062.3,1770,1191.83,920,152,22,65,2791,3281,703,876,1275,1039,834,789,363,193
3205002061,Carapina Grande - Serra,3513,396,3286,172,2136,1185,3419,3497,3.24,11415,11363,9751,9263,95,10571,9885,1748.66,1420,999.4,700,367,46,191,5656,5759,1664,1921,2430,1947,1475,1089,537,352
3205002062,Diamantina - Serra,459,58,450,5,334,99,444,453,3.39,1558,1558,1282,1204,93.92,1417,1295,1196.23,1020,718.68,600,82,1,28,784,774,276,335,337,213,171,140,46,40
3205002063,Central Carapina - Serra,1891,247,1828,46,1375,387,1823,1888,3.32,6272,6269,5049,4632,91.74,5692,5013,1129.59,1020,711.49,560,366,4,121,3121,3151,1223,1296,1296,1052,657,432,185,131
3205002064,Planalto Carapina - Serra,900,126,595,293,678,178,861,894,2.96,2680,2658,2257,2126,94.2,2444,2240,1981.45,1597.5,1137.32,830,95,15,22,1315,1365,423,392,555,584,298,240,110,78
3205002065,Jardim Tropical - Serra,2423,322,2203,136,1456,830,2292,2412,3.11,7546,7514,6395,6052,94.64,6934,6433,1718.96,1310,965.62,700,302,28,56,3640,3906,1151,1300,1646,1256,911,726,338,218
3205002066,Cantinho do Céu - Serra,1284,173,1264,2,1018,184,884,954,3.41,4374,4374,3479,3056,87.84,3926,3289,1098.62,1000,682.45,510,289,4,77,2170,2204,895,859,890,673,442,380,144,91
3205002067,José de Anchieta II - Serra,1106,111,1098,7,823,234,1000,1088,3.47,3845,3842,3150,2887,91.65,3499,3100,1321.98,1103,713.92,554,164,2,19,1916,1929,695,816,811,576,465,295,117,70
3205002068,Solar de Anchieta - Serra,344,51,344,-,235,106,330,343,3.1,1067,1067,890,831,93.37,978,889,1361.62,1180,787.22,600,49,-,9,540,527,177,159,265,184,110,110,40,22
3205002069,José de Anchieta - Serra,2004,216,1931,68,1304,517,1934,2002,3.17,6363,6352,5534,5347,96.62,5954,5679,2206.18,1755,1175.55,800,142,37,52,3107,3256,829,993,1207,1122,833,658,418,303
3205002070,José de Anchieta III - Serra,582,53,576,5,386,139,518,566,3.44,2002,2002,1606,1508,93.9,1797,1640,1290.05,1060,791.16,600,106,2,38,999,1003,396,378,434,301,221,165,57,50
3205002071,Laranjeiras Velha - Serra,1583,221,1089,481,1079,309,1385,1582,3.05,4826,4822,4096,3924,95.8,4450,4197,2021.32,1615,1158.67,800,139,24,51,2394,2432,730,781,1115,928,637,369,159,107
3205002072,Taquara I - Serra,1422,171,1186,229,1043,297,1236,1224,3.22,4574,4573,3749,3525,94.03,4137,3843,1461.55,1210,843.12,650,204,6,52,2246,2328,825,821,968,798,524,401,152,85
3205002073,São Judas Tadeu - Serra,585,66,412,172,486,71,552,584,3.05,1787,1787,1525,1457,95.54,1646,1548,2157.18,1710,1195.03,850,50,13,16,834,953,262,270,333,355,241,163,87,76
3205002074,Taquara II - Serra,745,62,735,5,583,143,695,582,3.27,2434,2431,2034,1931,94.94,2213,2086,1457.51,1210,848.98,681.5,87,3,33,1191,1243,400,405,561,380,263,263,100,62
3205002075,Barcelona - Serra,3739,292,3640,83,2743,828,3711,3738,3.39,12707,12674,11144,10937,98.14,11961,11578,2655.54,2150,1338.62,1000,194,111,61,6132,6575,1563,2022,2521,1916,1857,1751,659,418
3205002076,Maringá - Serra,664,61,653,11,490,132,614,664,3.25,2156,2155,1841,1786,97.01,1993,1905,1779.4,1500,942.21,700,68,4,12,1021,1135,315,375,460,319,301,239,90,57
3205002077,Civit I - Serra,5,1,5,-,-,-,2,5,3.2,17,16,15,15,100,15,15,960,1150,725,700,-,-,1,7,10,2,4,2,6,-,3,-,-
3205002078,Parque Residencial Tubarão - Serra,1041,96,1024,12,764,232,565,1036,3.41,3548,3543,2942,2834,96.33,3251,3056,1450.8,1210,864.45,650,132,3,54,1745,1803,606,743,641,577,510,288,99,84
3205002079,Planície da Serra - Serra,226,12,211,15,161,56,221,226,3.37,762,757,647,643,99.38,701,697,2564.4,1910,1451.5,1000,12,7,2,379,383,115,132,141,142,105,90,25,12
3205002080,Mata da Serra - Serra,701,57,654,45,538,146,693,701,3.27,2294,2289,2041,2015,98.73,2173,2125,3201.26,2600,1615.89,1200,21,38,10,1104,1190,253,305,445,339,327,332,197,96
3205002081,Porto Canoa - Serra,989,77,915,62,775,185,986,989,3.39,3390,3345,2992,2941,98.3,3202,3120,2370.08,2030,1389.96,1000,44,28,129,1652,1738,398,497,716,493,481,491,216,98
3205002082,Santo Antônio - Serra,612,59,612,-,512,75,576,595,3.43,2101,2099,1740,1593,91.55,1924,1696,1319.99,1070,776.78,600,116,5,41,1027,1074,361,415,397,331,248,199,77,73
3205002083,Barro Branco - Serra,273,26,273,-,204,38,246,273,3.41,930,930,764,701,91.75,853,764,1660.6,1200,958.44,600,45,1,15,463,467,166,148,197,149,93,78,65,34
3205002084,Pitanga - Serra,482,54,482,-,410,61,385,475,3.36,1630,1619,1363,1297,95.16,1501,1399,1923,1500,1000.43,700,57,7,12,799,831,267,248,338,271,225,154,71,56
3205002085,Parque Residencial Mestre Álvaro - Serra,528,43,527,-,407,95,310,527,3.39,1788,1788,1499,1421,94.8,1647,1519,1653.25,1300,942.67,700,71,5,21,862,926,289,324,350,289,247,172,72,45
3205002086,Nova Carapina I - Serra,2892,307,2881,5,2106,577,2287,2891,3.33,9647,9637,8054,7564,93.92,8859,8102,1412.78,1200,827.87,615,421,12,123,4693,4954,1593,1791,1932,1535,1211,895,397,293
3205002087,Nova Carapina II - Serra,2173,194,2160,8,1664,386,1728,2161,3.44,7473,7462,6171,5690,92.21,6855,6179,1382.43,1200,805.07,600,292,7,98,3679,3794,1302,1449,1416,1232,1001,628,265,180
3205002088,Cidade Pomar - Serra,1583,177,1357,47,1283,223,1226,1571,3.29,5203,5202,4186,3871,92.47,4714,4219,1277.12,1100,793.6,600,222,4,93,2651,2552,1017,997,975,962,616,368,167,101
3205002089,Eldorado - Serra,2408,237,2360,27,1865,383,2114,2403,3.29,7920,7914,6750,6508,96.41,7327,6921,1917.22,1530,1056.83,800,212,23,67,3808,4112,1170,1364,1579,1282,1166,820,316,223
3205002090,Novo Porto Canoa - Serra,1371,109,1353,15,1003,298,1118,1370,3.36,4605,4600,3835,3659,95.41,4246,3985,1630.8,1400,898.81,700,162,4,35,2249,2356,770,885,880,840,621,369,134,106
3205002091,Serra Dourada II - Serra,2039,189,2011,19,1553,380,1688,2026,3.45,7039,7036,5938,5730,96.5,6520,6174,1852.25,1505,1051.26,800,223,20,99,3385,3654,1101,1269,1370,1112,854,757,372,204
3205002092,Serra Dourada I - Serra,1241,92,1158,79,993,172,977,1230,3.42,4250,4250,3661,3553,97.05,3953,3763,1942.54,1600,1078.61,800,122,15,65,2060,2190,589,753,803,679,615,446,218,147
3205002093,Serra Dourada III - Serra,1545,134,1530,11,1155,286,1422,1533,3.4,5252,5249,4519,4390,97.15,4906,4689,1920.91,1530,1022.23,783,174,11,45,2560,2692,733,965,1047,785,745,565,252,160
3205002094,Campinho da Serra II - Serra,341,27,340,-,266,43,224,336,3.38,1154,1154,981,893,91.03,1070,946,1313.37,1162.5,731.79,590,52,3,31,558,596,173,237,219,187,147,103,49,39
3205002095,Vista da Serra II - Serra,1109,130,1109,-,838,228,863,1108,3.2,3547,3547,2948,2787,94.54,3244,3016,1376.24,1200,812.26,630,173,3,41,1772,1775,599,649,701,612,419,325,140,102
3205002096,Campinho da Serra I - Serra,336,33,336,-,299,30,211,334,3.36,1129,1129,947,888,93.77,1042,967,1358.4,1120,740.94,550,47,1,9,554,575,182,222,223,202,109,104,53,34
3205002097,Planalto Serrano - Serra,4273,384,4213,39,3457,617,3854,4242,3.62,15495,15467,12427,11249,90.52,13971,12122,1111.64,1020,686.18,510,907,9,315,7674,7821,3068,3433,3068,2394,1726,1055,456,295
3205002098,Vista da Serra I - Serra,1973,213,1971,1,1479,330,1644,1969,3.26,6437,6437,5421,5110,94.26,5972,5443,1448.27,1200,812,600,269,8,79,3162,3275,1016,1196,1293,1066,793,631,267,175
3205002099,São Lourenço - Serra,213,13,211,1,176,29,145,213,3.54,753,753,645,624,96.74,706,680,2310.31,1900,1139.11,825,12,1,2,364,389,108,124,150,124,118,64,37,28
3205002100,Vila Maria Niobe - Serra,509,52,426,83,364,120,503,508,3.09,1575,1574,1366,1312,96.05,1478,1400,2112.79,1540,1090.09,800,51,11,8,757,818,209,224,319,273,228,144,101,77
3205002101,Caçaroca - Serra,381,38,354,7,306,62,380,380,3.19,1214,1212,1079,1044,96.76,1153,1112,2913.34,2060,1459.92,1000,28,23,9,591,623,135,163,211,184,195,141,96,89
3205002102,Fazenda Cascata - Serra,900,72,900,-,769,104,884,900,3.58,3233,3220,2646,2475,93.54,2944,2716,1299.54,1142.5,724.86,599,143,1,22,1577,1656,587,617,613,580,364,272,113,87
3205002103,Serra Centro - Serra,532,52,515,9,434,75,487,530,3.2,1725,1703,1543,1492,96.69,1644,1581,3125.8,2200,1513.09,1000,42,42,7,814,911,182,261,352,230,251,210,120,119
3205002104,Jardim Primavera - Serra,112,6,112,-,56,14,89,103,3.36,376,376,307,281,91.53,337,304,1706.85,1300,1056.17,700,17,2,11,167,209,69,54,76,65,46,39,16,11
3205002105,Jardim Guanabara - Serra,282,29,268,1,189,67,232,281,3.3,932,932,791,746,94.31,871,800,1763.82,1300,960.23,650,56,4,9,449,483,141,165,216,149,104,93,40,24
3205002106,Centro da Serra - Serra,741,69,739,2,578,120,40,729,3.33,2465,2465,2027,1921,94.77,2251,2096,1569.47,1320,975.65,710,77,5,46,1237,1228,438,463,436,452,338,183,100,55
3205002107,São Domingos - Serra,381,38,379,-,311,50,348,380,3.39,1293,1291,1102,1038,94.19,1186,1095,1735.65,1460,925.99,700,51,4,13,634,659,191,234,245,190,167,112,80,74
3205002108,Jardim Bela Vista - Serra,1190,108,1172,4,870,254,971,1188,3.37,4013,4012,3290,3108,94.47,3658,3406,1368.88,1095,823.43,600,182,6,38,1991,2022,723,789,822,728,467,288,128,68
3205002109,São Marcos - Serra,1718,170,1716,1,1271,317,1567,1701,3.18,5480,5467,4687,4332,92.43,5094,4596,1384.74,1200,826.54,600,213,7,131,2723,2757,793,995,1144,878,751,518,226,175
3205002110,Nossa Senhora da Conceição - Serra,435,49,427,2,322,83,418,433,3.24,1411,1411,1207,1133,93.87,1309,1211,1703.79,1410,918.4,665,63,5,14,693,718,204,241,250,240,166,160,90,60
3205002111,Colina da Serra - Serra,401,43,401,-,307,61,381,397,3.4,1363,1362,1092,1008,92.31,1238,1085,1296.63,1100,769.53,600,63,-,18,679,684,271,260,251,238,153,109,48,33
3205002112,Jardim da Serra - Serra,230,38,225,5,156,59,210,228,3.16,727,726,617,589,95.46,669,615,1664.12,1205,945.05,700,27,2,6,344,383,110,126,144,134,89,81,27,16
3205002113,Divinópolis - Serra,643,72,643,-,499,110,431,619,3.59,2307,2307,1835,1636,89.16,2072,1795,1147.54,1020,645.55,510,120,2,31,1159,1148,472,470,408,399,241,173,89,55
3205002114,Cidade Nova da Serra - Serra,145,15,145,-,110,6,-,102,3.44,549,499,423,348,82.27,485,394,852.87,560,569.91,510,69,1,6,279,270,126,119,84,73,56,47,35,9
3205002115,Parque Residencial Nova Almeida - Serra,89,15,89,-,72,7,1,78,3.06,272,271,218,179,82.11,244,195,930.98,800,726.82,510,26,-,10,142,130,54,47,47,37,33,27,19,8
3205101001,Centro - Viana,1135,121,1107,28,873,200,856,1108,3.28,3726,3720,3209,3024,94.23,3483,3196,2088.98,1500,1083.14,680,139,32,33,1854,1872,517,608,690,642,516,380,204,169
3205101002,Bom Pastor - Viana,667,61,654,13,522,114,494,661,3.37,2246,2245,1833,1710,93.29,2059,1834,1246.78,1045,762.61,600,137,2,36,1104,1142,413,439,445,344,299,163,94,49
3205101003,Ribeira - Viana,157,19,153,2,117,32,98,151,3.36,527,527,448,440,98.21,493,472,2709.15,1560,1363.26,884,11,10,-,271,256,79,92,75,80,93,53,28,27
3205101004,Universal - Viana,2161,202,2134,25,1727,309,1460,1866,3.32,7175,7171,6023,5582,92.68,6618,5953,1488.14,1200,848.78,600,352,16,102,3519,3656,1152,1221,1471,1172,886,689,347,237
3205101005,Cannaã - Viana,1387,156,1375,10,1079,223,1164,1381,3.27,4544,4536,3780,3551,93.94,4175,3810,1436.16,1140,816,600,221,5,33,2228,2316,764,810,919,746,537,458,175,135
3205101006,Primavera - Viana,691,88,690,1,518,105,413,619,3.21,2226,2221,1882,1783,94.74,2075,1914,1507.61,1300,834.28,630,94,3,23,1103,1123,344,418,432,385,287,214,87,59
3205101007,Marcilio de Noronha - Viana,4161,400,4004,152,3218,712,3834,4130,3.22,13408,13388,11421,10991,96.24,12409,11620,1582.61,1310,915.47,650,554,28,235,6487,6921,1987,2347,2696,2083,1898,1416,594,387
3205101008,Vila Bethania - Viana,1665,183,1514,144,1255,289,1371,1650,3.09,5156,5151,4468,4251,95.14,4800,4501,1845.48,1450,993.8,700,200,15,48,2498,2658,688,766,994,896,680,583,336,213
3205101009,Nova Bethania - Viana,2102,229,2071,30,1707,253,1509,1902,3.26,6868,6851,5728,5307,92.65,6298,5615,1313.09,1110,769.32,600,358,6,87,3360,3508,1140,1321,1327,1107,872,634,291,176
3205101010,Areinha - Viana,1075,115,1070,4,928,102,266,755,3.79,4077,4077,3344,2902,86.78,3722,3131,940.39,1010,678.01,510,247,1,200,1981,2096,733,780,850,662,392,345,176,139
3205101011,Arlindo Angelo Villaschi - Viana,366,33,366,-,248,45,220,347,3.48,1275,1275,1001,939,93.81,1150,1028,1217.37,1020,804.25,600,73,-,24,637,638,274,265,220,250,134,81,29,22
3205101012,Caxias do Sul - Viana,848,94,847,1,710,95,479,801,3.46,2931,2931,2402,2220,92.42,2689,2367,1181.38,1020,732.85,510,196,2,75,1426,1505,529,579,615,431,369,225,99,84
3205101013,Campo Verde - Viana,482,49,481,1,383,51,190,458,3.36,1645,1621,1372,1231,89.72,1503,1315,1101.73,1020,701.42,511,79,-,49,810,835,273,344,293,234,205,133,90,73
3205101014,Morada Bethania - Viana,211,26,209,2,187,7,34,130,3.4,717,717,582,523,89.86,657,566,1071.65,925,681.08,510,53,-,5,364,353,135,141,131,120,68,54,44,24
3205101015,Parque Industrial - Viana,29,-,29,-,16,-,2,11,3.93,114,114,101,94,93.07,110,101,2205.31,1320,1102.66,800,2,2,-,59,55,13,19,23,22,17,12,4,4
3205101016,Jucú - Viana,416,58,416,-,328,59,167,365,3.23,1353,1343,1155,1042,90.22,1266,1098,1484.96,1200,804.36,600,72,3,12,666,687,198,215,266,227,176,138,74,59
3205101017,Araçatiba - Viana,130,9,128,1,120,7,37,124,3.79,493,493,396,342,86.36,445,373,923.32,751,582.68,510,53,-,8,226,267,97,93,85,84,57,33,26,18
3205101018,Boa Esperança - Viana,114,6,114,-,99,7,12,110,3.66,417,416,340,310,91.18,388,332,1267.45,1110,803.81,600,24,1,7,211,206,77,86,69,75,52,33,11,14
3205200001,Centro de Vila Velha - Vila Velha,2719,482,1569,1108,1811,736,2219,2718,2.86,7880,7738,7200,7093,98.51,7554,7395,4218.73,3000,2281.28,1500,124,398,78,3600,4280,680,998,1355,1061,1165,997,740,884
3205200002,Boa Vista I - Vila Velha,975,119,751,221,618,300,970,975,3.22,3143,3142,2655,2509,94.5,2903,2701,1625.09,1320,899.3,654,106,4,22,1497,1646,488,578,591,524,439,248,161,114
3205200003,Boa Vista II - Vila Velha,1295,271,251,885,898,337,1147,1287,2.71,3515,3515,3093,3016,97.51,3309,3174,1838,1530,1066.88,800,111,10,33,1595,1920,422,539,737,577,510,406,189,135
3205200004,Coqueiral de Itaparica - Vila Velha,5061,767,240,4800,3610,1253,4288,5043,2.71,13696,13673,12382,12286,99.22,13041,12844,3340.48,2800,1876.5,1400,154,288,128,6239,7457,1314,1663,2923,2300,1942,1970,934,650
3205200005,Cristóvão Colombo - Vila Velha,2224,279,1591,614,1491,585,2062,2218,3.07,6835,6822,5996,5772,96.26,6423,6067,2086.74,1600,1126.93,800,203,42,51,3261,3574,839,1127,1263,1098,992,769,417,330
3205200006,Divino Espírito Santo - Vila Velha,2671,399,1628,996,1551,972,2487,2665,3.01,8031,8021,6937,6694,96.5,7484,7075,2043.52,1500,1154.94,780,274,52,67,3799,4232,1094,1278,1625,1309,1163,833,398,331
3205200007,Glória - Vila Velha,2222,358,1543,626,1438,720,2114,2222,3,7900,6608,7164,6895,96.25,7554,7216,2659.41,2000,1453.35,1000,140,86,68,4321,3579,736,1005,1932,1314,1076,875,450,512
3205200008,Ilha dos Ayres - Vila Velha,1190,176,992,156,825,276,1137,1190,3.1,3691,3690,3178,3002,94.46,3447,3180,2578.55,1530,1455.97,800,147,70,29,1760,1931,513,580,682,604,474,398,254,186
3205200009,Itapuã - Vila Velha,7899,1198,1512,6353,5472,2110,6428,7870,2.87,22808,22609,20575,20425,99.27,21750,21426,6087.2,4500,3331.59,2000,219,2012,173,10688,12120,2233,2934,4208,3578,3432,3268,1767,1388
3205200010,Jaburuna - Vila Velha,1814,257,1518,244,1304,373,1721,1741,3.22,5836,5834,4935,4593,93.07,5369,4879,1818.58,1310,1031.79,650,243,35,66,2816,3020,901,1020,1030,944,801,531,344,265
3205200011,Jockey de Itaparica - Vila Velha,877,142,350,527,577,262,535,871,2.72,2393,2388,2065,2040,98.79,2236,2178,2535.38,2010,1486.66,1100,35,21,8,1154,1239,328,315,451,487,447,215,106,44
3205200012,Olaria - Vila Velha,531,72,318,213,331,161,387,531,2.96,1596,1572,1465,1452,99.11,1535,1504,4398.63,3500,2283.04,1500,20,70,7,718,878,131,208,266,250,235,203,130,173
3205200013,Praia da Costa - Vila Velha,11001,1719,1271,9716,8034,2502,9621,10992,2.82,31083,30768,28214,28043,99.39,29734,29395,8347.33,6500,4575.55,3000,169,4628,166,14474,16609,2869,3828,5237,4873,4894,4645,2586,2151
3205200014,Praia das Gaivotas - Vila Velha,2257,277,725,1517,1619,578,2131,2252,2.78,6282,6280,5559,5517,99.24,5897,5795,4693.07,3700,2630.28,2000,37,303,25,2938,3344,723,790,1211,1331,1044,668,308,207
3205200015,Praia de Itaparica - Vila Velha,3982,632,933,2990,2639,1172,3176,3960,2.91,11648,11542,10344,10266,99.25,11003,10862,6949.74,5000,3912.77,2400,93,1342,94,5705,5943,1304,1693,1986,2049,1990,1492,693,441
3205200016,Residencial Itaparica - Vila Velha,539,89,368,171,301,220,520,539,2.88,1554,1553,1331,1313,98.65,1440,1387,2191.51,1700,1274.89,900,29,9,16,743,811,223,265,321,262,247,135,57,44
3205200017,Soteco - Vila Velha,2722,371,2061,653,1703,905,2594,2722,3.01,8189,8183,7160,6942,96.96,7721,7381,2118.91,1610,1133.22,800,233,63,53,3945,4244,1029,1274,1516,1328,1189,917,511,425
3205200018,Vista da Penha - Vila Velha,390,55,340,42,231,127,389,390,3.07,1199,1199,1038,1006,96.92,1125,1061,1569.87,1500,900.37,650,36,1,33,611,588,161,195,284,185,177,131,37,29
3205200019,Ibes - Vila Velha,2175,345,1759,393,1525,520,2149,2175,3.06,6677,6643,5948,5831,98.03,6340,6148,2722.09,2000,1431.96,1000,152,92,45,3078,3599,729,937,1116,926,1022,897,482,568
3205200020,Araçás - Vila Velha,1690,155,1526,162,1214,366,353,1690,3.16,5351,5338,4810,4744,98.63,5083,4968,3455.11,2700,1694.75,1100,67,114,13,2586,2765,541,694,1089,775,726,843,406,277
3205200021,Brisamar - Vila Velha,542,97,356,185,270,234,501,540,2.86,1549,1548,1331,1304,97.97,1444,1389,2644.53,2000,1468.12,1000,36,22,8,766,783,218,245,305,295,237,150,65,34
3205200022,Cocal - Vila Velha,1244,138,973,270,766,439,1198,1244,3.1,3861,3854,3383,3331,98.46,3640,3531,2775.76,2000,1472.41,1000,74,63,27,1831,2030,478,538,802,645,519,478,248,153
3205200023,Darly Santos - Vila Velha,190,19,188,2,157,27,25,187,3.1,589,589,497,488,98.19,545,520,1742.78,1450,924.94,700,13,1,1,276,313,92,98,101,107,105,54,19,13
3205200024,Guaranhuns - Vila Velha,817,107,780,37,607,174,737,817,3.22,2633,2627,2302,2255,97.96,2467,2387,2554.85,2000,1382.33,900,77,31,34,1262,1371,331,403,522,388,344,357,177,111
3205200025,Ilha dos Bentos - Vila Velha,1133,146,797,321,720,345,833,1133,3.02,3428,3417,3042,2999,98.59,3223,3140,3036.62,2287.5,1567.68,1000,51,56,11,1624,1804,386,483,699,526,494,490,196,154
3205200026,Jardim Asteca - Vila Velha,781,89,707,74,532,176,736,781,3.13,2447,2440,2168,2138,98.62,2319,2269,3222.03,2420,1637.62,1020,43,52,8,1152,1295,279,350,368,435,385,239,254,137
3205200027,Jardim Colorado - Vila Velha,1286,152,914,362,779,359,1259,1285,3.06,3937,3930,3491,3440,98.54,3735,3625,2874.01,2200,1497.41,1000,63,55,19,1865,2072,446,538,702,639,587,478,314,233
3205200028,Jardim Guadalajara - Vila Velha,623,89,482,141,446,146,619,623,3.19,1995,1982,1748,1696,97.03,1888,1796,2816.71,1920,1474.62,800,49,33,9,965,1030,247,333,363,303,304,200,127,118
3205200029,Jardim Guaranhuns - Vila Velha,666,67,598,66,445,171,634,666,3.41,2269,2268,1910,1850,96.86,2095,1997,1761.88,1310,1021.32,650,102,13,42,1088,1181,359,494,404,315,342,214,81,60
3205200030,Nossa Senhora da Penha - Vila Velha,757,86,521,234,451,256,741,751,3.14,2381,2373,2083,2022,97.07,2251,2146,2416.74,2000,1287.55,1000,43,18,21,1148,1233,298,355,440,372,346,299,139,132
3205200031,Nova Itaparica - Vila Velha,1293,180,913,378,782,406,1084,1293,3.05,3950,3950,3451,3388,98.17,3711,3605,2463.55,1970,1303.34,900,85,45,15,1859,2091,499,609,816,576,654,462,189,145
3205200032,Novo México - Vila Velha,1344,142,1065,265,877,373,1254,1344,3.13,4240,4197,3763,3709,98.56,4019,3917,3064.01,2350,1540.89,1000,65,79,14,1989,2251,477,599,751,744,599,466,370,234
3205200033,Pontal das Garças - Vila Velha,183,21,179,4,141,24,34,166,3.18,585,582,475,447,94.11,528,478,1553.01,1300,911.43,700,31,-,3,307,278,110,96,124,111,86,28,20,10
3205200034,Santa Inês - Vila Velha,2320,324,1314,928,1588,665,2289,2320,2.92,6786,6776,5968,5831,97.7,6366,6140,2559.51,2000,1365.11,950,144,77,33,3143,3643,818,935,1301,1169,1022,762,439,340
3205200035,Santa Mônica Popular - Vila Velha,1742,277,982,734,929,686,1700,1742,2.88,5020,5019,4388,4261,97.11,4688,4495,2295.43,1770,1333.15,900,158,52,80,2375,2645,632,757,1004,832,688,547,340,220
3205200036,Santa Mônica - Vila Velha,879,135,717,159,610,237,854,879,2.97,2612,2610,2333,2302,98.67,2479,2412,2697.8,1985,1433.47,1000,60,42,7,1191,1421,279,383,462,392,382,340,180,194
3205200037,Santos Dumont - Vila Velha,1406,159,1112,271,1017,291,1390,1405,3.05,4293,4288,3791,3728,98.34,4040,3917,2725.6,2050,1438.51,1000,83,58,29,2052,2241,502,568,784,681,654,535,349,220
3205200038,Vila Guaranhuns - Vila Velha,348,40,326,22,246,81,329,346,3.38,1176,1175,1007,959,95.23,1090,1016,1882.55,1410,1045.68,760,36,7,12,582,594,169,239,223,200,147,118,51,29
3205200039,Vila Nova - Vila Velha,1194,120,1037,156,791,300,1182,1193,3.16,3772,3769,3377,3332,98.67,3598,3515,3190.74,2500,1635.78,1020,56,75,19,1777,1995,395,514,622,634,555,422,363,267
3205200040,Aribiri - Vila Velha,3353,452,2827,406,2251,832,3129,3352,3.04,10222,10196,8999,8730,97.01,9630,9240,2115.41,1600,1150.91,800,278,69,94,4891,5331,1223,1674,1846,1745,1431,1132,631,540
3205200041,Argolas - Vila Velha,698,107,628,43,528,134,656,691,3.23,2256,2256,1932,1836,95.03,2087,1944,1634.62,1190,953.19,630,119,6,19,1084,1172,324,374,441,358,288,234,125,112
3205200042,Ataíde - Vila Velha,2121,244,1688,255,1514,523,2000,2120,3.11,6600,6594,5784,5559,96.11,6209,5876,2103.97,1540,1105.79,800,189,42,44,3176,3424,816,1071,1126,1068,1064,723,382,350
3205200043,Cavalieri - Vila Velha,520,62,504,15,427,88,468,518,3.05,1585,1583,1391,1334,95.9,1486,1398,1812.18,1510,1026.49,750,57,8,25,751,834,194,224,337,223,265,152,98,92
3205200044,Chácara do Conde - Vila Velha,356,43,325,24,272,48,342,356,3.29,1173,1173,983,932,94.81,1078,1010,1379.71,1150,760.34,600,46,1,10,603,570,190,198,233,175,138,129,53,57
3205200045,Dom João Batista - Vila Velha,1044,129,882,73,799,192,1037,1044,3.23,3372,3372,2817,2643,93.82,3091,2858,1296.05,1085.5,764.45,600,166,1,62,1610,1762,555,630,691,499,457,329,133,78
3205200046,Garoto - Vila Velha,1306,178,1135,115,904,333,1183,1306,2.98,3895,3893,3392,3317,97.79,3671,3566,1867.48,1500,1007.35,700,147,16,21,1879,2016,503,583,776,599,562,439,227,206
3205200047,Ilha da Conceição - Vila Velha,825,96,766,58,655,149,647,825,3.41,2822,2814,2405,2235,92.93,2631,2403,1513.73,1360,837.53,650,93,1,26,1395,1427,417,545,501,467,382,256,157,97
3205200048,Ilha das Flores - Vila Velha,1856,220,1522,281,1415,390,1469,1839,3.17,5889,5883,5105,4953,97.02,5533,5270,1840,1500,1075.8,700,164,22,104,2857,3032,784,966,1060,985,850,624,354,266
3205200049,Paul - Vila Velha,1632,212,1524,105,1237,294,1540,1622,3.23,5277,5258,4616,4455,96.51,4960,4691,2165.37,1600,1152.36,800,180,42,40,2454,2823,661,881,882,817,787,578,326,345
3205200050,Pedra dos Búzios - Vila Velha,285,35,229,44,242,34,144,285,3.38,962,961,828,796,96.14,899,841,1574.4,1250,1048.84,700,19,5,40,479,483,134,201,134,146,152,98,61,36
3205200051,Primeiro de Maio - Vila Velha,1684,209,1608,75,1410,236,1412,1684,3.32,5598,5598,4605,4391,95.35,5148,4736,1088.86,1000,699.86,550,349,6,102,2807,2791,993,1114,1169,881,732,429,182,98
3205200052,Sagrada Família - Vila Velha,209,22,207,2,182,23,206,209,3.13,655,655,559,525,93.92,600,547,1444.12,1131,850.2,600,27,2,5,309,346,96,114,135,100,92,73,24,21
3205200053,Santa Rita - Vila Velha,1793,236,1541,231,1484,250,1578,1793,3.08,5526,5523,4758,4441,93.34,5157,4703,1522.48,1300,921.57,700,233,7,46,2633,2893,768,958,1082,876,749,613,269,211
3205200054,Vila Batista - Vila Velha,582,86,545,34,449,112,537,581,2.95,1731,1706,1531,1501,98.04,1631,1576,2074.19,1600,1242.26,800,67,12,28,818,913,200,261,330,274,250,192,116,108
3205200055,Vila Garrido - Vila Velha,2547,259,2402,26,1970,371,2475,2532,3.27,8338,8330,7147,6838,95.68,7808,7289,1656.75,1400,898.95,650,311,16,65,4025,4313,1191,1447,1574,1304,1191,832,443,356
3205200056,Zumbi dos Palmares - Vila Velha,795,81,757,25,660,126,794,795,3.44,2734,2734,2228,2048,91.92,2473,2182,1144.85,1020,687.43,510,175,-,34,1356,1378,506,578,549,439,336,205,75,46
3205200057,Cobilândia - Vila Velha,2521,294,2144,368,1753,568,1573,2519,3.17,8003,7973,6930,6690,96.54,7495,7062,2273.63,1710,1224.44,800,231,65,30,3849,4154,1073,1296,1415,1250,1204,878,464,423
3205200058,Alecrim - Vila Velha,2023,230,1804,195,1365,447,1871,2020,3.25,6573,6571,5570,5268,94.58,6107,5662,1687.95,1310,951.2,700,233,22,95,3223,3350,1003,1132,1199,1131,857,635,365,251
3205200059,Alvorada - Vila Velha,2279,272,1989,279,1606,497,2240,2277,3.03,6904,6898,6067,5887,97.03,6499,6203,2326.16,1700,1232.28,800,213,60,39,3315,3589,837,1026,1209,1143,970,814,472,433
3205200060,Cobi de Baixo - Vila Velha,772,102,731,41,580,160,529,772,3.21,2478,2478,2082,1932,92.8,2282,2065,1484.03,1100,830.8,600,150,6,16,1208,1270,396,475,411,386,320,246,133,111
3205200061,Cobi de Cima - Vila Velha,185,32,171,12,148,29,172,185,2.93,543,542,480,466,97.08,509,489,1972.81,1250,1238.92,800,27,5,13,253,290,63,88,92,84,86,58,38,34
3205200062,Industrial - Vila Velha,438,47,204,234,299,120,432,438,3.09,1355,1354,1196,1156,96.66,1289,1222,2624.87,2000,1356.39,900,23,14,4,639,716,159,227,282,224,207,153,54,49
3205200063,Jardim do Vale - Vila Velha,548,65,293,11,460,70,443,548,2.95,1618,1618,1353,1303,96.3,1476,1377,2014.91,1770,1098.67,800,27,4,4,781,837,265,232,337,401,204,111,47,21
3205200064,Jardim Marilândia - Vila Velha,2525,335,2423,71,1822,507,2146,2524,3.09,7822,7804,6763,6511,96.27,7339,6921,1827.69,1500,999.66,750,285,20,49,3750,4072,1059,1249,1372,1298,1155,798,506,385
3205200065,Nova América - Vila Velha,558,92,509,49,389,132,404,558,3.02,1687,1684,1489,1457,97.85,1584,1534,2388.37,1885,1240.68,900,55,16,4,815,872,198,225,310,250,238,211,138,117
3205200066,Planalto - Vila Velha,465,63,352,111,275,132,451,465,3.01,1400,1399,1230,1193,96.99,1308,1247,2559.29,2000,1354.48,1000,31,14,6,687,713,170,209,269,258,204,134,92,64
3205200067,Rio Marinho - Vila Velha,3706,460,3628,77,2706,614,3332,3697,3.07,11377,11364,9794,9311,95.07,10589,9858,1903.58,1500,1049.14,700,391,39,90,5446,5931,1583,1866,2026,1868,1687,1158,669,520
3205200068,Santa Clara - Vila Velha,255,21,252,3,167,52,246,255,3.43,875,875,735,680,92.52,801,728,1593.07,1200,834.15,600,35,2,2,411,464,140,164,179,131,144,65,32,20
3205200069,São Torquato - Vila Velha,1643,208,1423,214,1048,442,1607,1622,3.2,5288,5260,4486,4245,94.63,4921,4545,2022.06,1400,1121.25,700,214,47,33,2586,2702,802,855,964,792,719,544,315,297
3205200070,Vale Encantado - Vila Velha,3268,398,2632,486,2313,645,2742,3264,3.07,10047,10041,8483,8120,95.72,9215,8628,1705.17,1490,969.22,700,356,23,116,4944,5103,1564,1638,2021,1849,1370,885,440,280
3205200071,Barra do Jucu - Vila Velha,1364,222,1186,171,973,308,643,1363,3.02,4125,4120,3620,3533,97.6,3879,3735,3069.23,1949,1705.41,1000,103,101,21,1960,2165,505,662,744,642,596,522,237,217
3205200072,Balneário Ponta da Fruta - Vila Velha,949,108,864,61,719,156,38,936,3.27,3106,3100,2554,2336,91.46,2837,2512,1845.19,1400,1049.41,700,108,16,16,1542,1564,552,534,598,505,393,273,165,86
3205200073,Barramares - Vila Velha,3483,396,3363,43,2706,603,553,3219,3.55,12405,12364,9794,8849,90.35,11154,9543,1192.9,1020,706.79,510,748,13,146,6279,6126,2611,2692,2422,2035,1310,821,321,193
3205200074,Cidade da Barra - Vila Velha,632,77,611,21,493,107,303,630,3.3,2085,2084,1691,1599,94.56,1886,1724,1231.02,1020,725.55,510,109,2,15,1014,1071,394,398,365,347,271,185,70,55
3205200075,Interlagos - Vila Velha,387,39,328,56,318,55,42,387,3.01,1164,1158,1028,1027,99.9,1095,1077,5494.58,3500,3042.5,1700,12,86,6,561,603,136,172,172,183,228,140,89,44
3205200076,Jabaeté - Vila Velha,714,81,710,4,382,79,713,714,3.53,2517,2513,1943,1828,94.08,2265,2019,1195.32,1020,688.69,510,161,-,13,1214,1303,574,500,425,409,301,169,92,47
3205200077,João Goulart - Vila Velha,649,76,649,-,481,114,214,620,3.63,2367,2357,1858,1685,90.69,2136,1830,1061.65,1020,618.9,510,136,-,15,1144,1223,509,556,429,364,228,170,75,36
3205200078,Morada da Barra - Vila Velha,1396,201,1383,4,1149,170,100,1323,3.54,4940,4938,3829,3418,89.27,4390,3688,992.2,896.5,648.16,510,372,1,98,2465,2475,1111,1098,917,733,475,336,175,95
3205200079,Morada do Sol - Vila Velha,118,15,111,7,95,17,3,118,2.89,341,341,302,300,99.34,317,312,4922.23,4000,2547.47,2000,5,23,-,176,165,39,37,51,71,59,43,25,16
3205200080,Morro da Lagoa - Vila Velha,145,21,123,-,109,10,5,139,3.08,446,446,380,361,95,415,384,2002.92,1370,1067.74,600,23,3,4,225,221,66,68,86,58,79,39,36,14
3205200081,Normília da Cunha - Vila Velha,370,37,351,4,296,53,262,368,3.66,1355,1354,1088,1017,93.47,1233,1108,1344.29,1100,707.94,550,56,1,4,652,703,267,297,272,210,160,92,29,28
3205200082,Nova Ponta da Fruta - Vila Velha,389,60,359,30,242,104,7,376,3.07,1196,1190,1042,1010,96.93,1129,1073,2627.36,1600,1464.16,900,47,21,10,612,584,154,214,198,170,194,132,72,62
3205200083,Ponta da Fruta - Vila Velha,666,88,554,90,428,189,36,665,3.11,2081,2070,1799,1745,97,1937,1839,2966.78,1928,1644.34,1000,39,49,20,1037,1044,282,320,368,311,301,245,144,110
3205200084,Praia dos Recifes - Vila Velha,240,35,235,5,172,47,57,239,3.19,766,765,625,611,97.76,693,666,1647.53,1300,968.01,700,29,2,12,388,378,141,124,127,130,116,80,31,17
3205200085,Riviera da Barra - Vila Velha,1031,129,997,33,771,214,137,1030,3.33,3445,3435,2870,2705,94.25,3176,2853,1552.2,1210,912.38,700,151,8,23,1730,1715,575,667,633,595,471,320,120,64
3205200086,Santa Paula I - Vila Velha,171,26,151,20,125,33,10,171,3.13,536,534,463,447,96.54,500,477,2322.99,1600,1336.04,1000,16,7,8,264,272,73,89,86,95,85,54,35,19
3205200087,Santa Paula II - Vila Velha,672,76,519,21,605,49,165,665,3.2,2153,2150,1778,1693,95.22,1969,1824,1828.29,1510,1097.79,800,87,7,36,1037,1116,375,395,369,423,296,171,83,41
3205200088,São Conrado - Vila Velha,941,121,872,66,708,191,223,934,3.17,2981,2980,2480,2373,95.69,2732,2534,1588.17,1258.5,959.59,700,133,7,45,1446,1535,501,557,547,473,443,259,130,71
3205200089,Terra Vermelha - Vila Velha,833,116,807,21,636,150,579,831,3.41,2847,2844,2306,2150,93.24,2572,2306,1288.11,1080,746.34,540,173,2,28,1361,1486,541,545,597,339,342,272,123,88
3205200090,Ulisses Guimarães - Vila Velha,2136,266,2101,26,1560,428,1579,2093,3.4,7271,7258,5927,5410,91.28,6605,5790,1250.72,1020,719.27,512,397,7,61,3512,3759,1344,1571,1386,1143,875,539,257,156
3205200091,Vinte e Três de Maio - Vila Velha,372,51,372,-,275,81,285,371,3.37,1254,1252,1045,970,92.82,1157,1032,1298.73,1020,772.26,600,63,1,11,604,650,209,269,218,217,156,101,52,32
3205309001,Centro - Vitória,3767,879,907,2841,2684,903,3563,3766,2.6,9838,9701,9051,8950,98.88,9460,9284,4275.37,3100,2392.8,1500,124,553,79,4416,5422,787,1114,1729,1391,1440,1423,870,1084
3205309002,do Moscoso - Vitória,228,29,217,11,168,37,226,228,3.49,795,793,656,625,95.27,725,678,1849.42,1442.5,1001.1,600,32,3,10,369,426,139,147,153,110,86,71,46,43
3205309003,Fonte Grande - Vitória,353,39,342,10,283,59,324,347,3.49,1231,1230,1075,1015,94.42,1155,1068,2147.92,1350,1055.61,600,36,14,3,592,639,156,225,221,189,178,122,85,55
3205309004,Forte São João - Vitória,466,55,406,57,352,91,461,465,3.33,1553,1547,1333,1266,94.97,1453,1355,2187,1412.5,1134.32,700,51,18,8,723,830,220,275,252,257,210,147,100,92
3205309005,Parque Moscoso - Vitória,663,141,84,577,464,146,646,663,2.66,1773,1754,1626,1607,98.83,1708,1679,4285.88,3425,2375.76,1600,12,93,11,791,982,147,195,270,232,280,234,173,242
3205309006,Piedade - Vitória,85,7,78,7,71,9,83,84,3.8,323,322,267,247,92.51,294,270,2451.36,1110,1243.31,700,19,5,-,149,174,56,59,61,49,38,28,23,9
3205309007,Santa Clara - Vitória,548,85,288,260,383,143,538,548,2.92,1608,1588,1409,1377,97.73,1509,1441,3855.91,2505,2099.5,1200,30,61,18,761,847,199,194,281,229,206,228,116,155
3205309008,Vila Rubim - Vitória,472,69,269,200,293,151,471,472,3.03,1430,1427,1275,1240,97.25,1350,1293,2421.79,1800,1297.75,800,41,17,14,667,763,155,207,260,175,211,185,115,122
3205309009,Ariovaldo Favalessa - Vitória,241,36,238,3,163,40,238,241,3.27,787,787,679,661,97.35,733,702,2115.84,1590,1115.79,800,27,5,7,343,444,108,137,141,115,106,82,47,51
3205309010,Bela Vista - Vitória,1317,171,1297,15,1012,222,1298,1314,3.3,4371,4337,3669,3451,94.06,4025,3710,1642.76,1300,911.2,650,198,11,32,2102,2269,702,806,847,661,560,431,213,151
3205309011,Caratoíra - Vitória,1556,180,1434,53,1167,304,1453,1551,3.31,5149,5139,4415,4256,96.4,4791,4546,1562,1231,933.18,600,240,22,130,2370,2779,734,914,868,758,723,551,308,293
3205309012,do Cabral - Vitória,507,66,466,3,397,87,502,501,3.2,1623,1623,1358,1275,93.89,1486,1372,1508.27,1200,877.95,600,110,9,23,779,844,265,267,277,264,222,176,81,71
3205309013,do Quadro - Vitória,314,34,313,-,247,44,305,314,3.32,1041,1040,911,892,97.91,982,951,2355.4,1700,1188.11,800,36,13,3,488,553,130,185,169,140,159,119,73,66
3205309014,Estrelinha - Vitória,709,76,675,14,512,139,697,698,3.36,2381,2380,1987,1882,94.72,2182,2005,1582.38,1210,861.41,600,100,8,18,1175,1206,394,438,481,360,318,203,112,75
3205309015,Grande Vitória - Vitória,1339,147,1257,19,875,310,1317,1304,3.29,4402,4398,3630,3452,95.1,4030,3722,1404.07,1150,852.29,600,247,9,87,2087,2315,772,798,884,692,542,390,199,125
3205309016,Ilha do Príncipe - Vitória,836,132,775,48,540,248,833,836,3.13,2613,2607,2279,2196,96.36,2456,2345,1694.84,1310,935.63,630,122,5,23,1194,1419,334,469,462,374,374,277,164,159
3205309017,Inhanguetá - Vitória,1230,123,1215,13,989,173,1217,1230,3.38,4154,4152,3487,3343,95.87,3839,3629,1540.81,1260,881.01,600,157,7,66,2030,2124,667,837,682,660,572,408,164,164
3205309018,Mário Cypreste - Vitória,385,64,372,13,293,82,380,384,2.97,1145,1145,1025,999,97.46,1096,1054,1593.04,1310,882.48,700,35,1,4,561,584,120,205,242,194,162,102,55,65
3205309019,Santo Antônio - Vitória,1881,258,1831,40,1421,381,1823,1879,3.14,5947,5907,5226,5062,96.86,5622,5342,2335.37,1700,1266.99,800,194,69,39,2712,3235,721,952,1032,930,798,707,394,413
3205309020,Santa Tereza - Vitória,1034,114,899,134,762,210,1004,1032,3.23,3343,3332,2883,2779,96.39,3107,2959,2060.14,1650,1327.71,900,53,27,137,1567,1776,460,523,574,518,504,347,243,174
3205309021,Universitário - Vitória,283,26,241,42,182,93,268,283,3.24,918,913,778,743,95.5,855,805,2992.16,2200,1576.66,1000,18,13,4,459,459,140,149,182,161,135,89,43,19
3205309022,Bento Ferreira - Vitória,1970,327,339,1627,1559,340,1772,1966,2.82,5569,5520,5058,5024,99.33,5314,5240,6795.76,5100,3591.9,2500,36,630,37,2594,2975,511,671,916,855,853,825,469,469
3205309023,Consolação - Vitória,855,97,695,154,658,143,822,833,3.23,2766,2762,2374,2294,96.63,2583,2445,2234.81,1530,1323.14,800,108,34,64,1284,1482,392,465,497,434,404,285,129,160
3205309024,Cruzamento - Vitória,685,97,671,14,541,113,643,679,3.51,2407,2405,1959,1837,93.77,2199,2004,1605.22,1180,910.76,600,127,13,26,1198,1209,448,442,454,357,272,225,110,99
3205309025,de Lourdes - Vitória,630,87,475,152,457,143,618,629,3.02,1920,1890,1735,1710,98.56,1826,1785,5416.49,4000,2697.88,1700,25,147,5,896,1024,185,266,364,257,296,257,145,150
3205309026,Fradinhos - Vitória,575,83,480,73,470,95,473,571,3.05,1756,1740,1614,1586,98.27,1688,1644,6001.77,4000,3009.93,1800,25,146,6,855,901,142,215,305,250,253,273,162,156
3205309027,Gurigica - Vitória,1666,170,1433,228,1303,271,1441,1657,3.58,5997,5964,5041,4610,91.45,5533,4936,1559.5,1200,810.9,580,247,12,43,2877,3120,956,1199,1166,943,711,535,270,217
3205309028,Horto - Vitória,27,-,27,-,24,3,26,27,3.63,98,98,89,88,98.88,94,93,3330.41,2950,1577.56,1000,2,4,1,48,50,9,14,21,6,15,16,7,10
3205309029,Ilha de Santa Maria - Vitória,771,148,643,123,461,243,767,758,2.95,2325,2272,2071,2010,97.05,2208,2120,2506.33,1790,1296.92,800,81,40,17,1086,1239,254,327,420,333,365,297,148,181
3205309030,Jesus de Nazareth - Vitória,739,81,635,32,551,147,722,734,3.47,2565,2564,2164,2062,95.29,2388,2237,1533.19,1236,864.64,600,114,8,42,1238,1327,401,524,490,411,320,240,104,75
3205309031,Jucutuquara - Vitória,532,105,436,83,321,135,523,532,2.85,1515,1506,1376,1343,97.6,1446,1394,3891.27,2698.5,2006.2,1200,28,67,8,689,826,139,202,265,210,218,180,145,156
3205309032,Monte Belo - Vitória,604,90,518,80,371,157,584,600,3.12,1988,1880,1770,1687,95.31,1884,1788,2590.79,2000,1309.67,800,32,27,27,921,1067,218,304,341,270,275,240,142,198
3205309033,Nazareth - Vitória,188,30,169,19,154,28,186,188,3.07,586,575,535,529,98.88,566,559,4287.87,3210,2121.99,1400,5,30,3,274,312,51,81,97,79,87,81,53,57
3205309034,Romão - Vitória,872,86,854,16,658,171,849,868,3.54,3096,3087,2568,2394,93.22,2837,2577,1714.3,1200,903.73,600,140,16,19,1511,1585,528,588,577,516,349,258,155,125
3205309035,Andorinhas - Vitória,652,101,518,109,353,184,647,651,3.11,2031,2019,1766,1687,95.53,1890,1787,1673.92,1450,972.58,800,66,4,33,977,1054,265,331,418,345,283,198,106,85
3205309036,Bonfim - Vitória,2116,227,1754,333,1375,479,2062,2114,3.35,7106,7083,6028,5708,94.69,6558,6076,1957.74,1500,1035.11,700,265,39,71,3374,3732,1078,1230,1355,1099,945,660,367,372
3205309037,da Penha - Vitória,1641,211,1351,266,1089,349,1619,1640,3.41,5603,5597,4722,4469,94.64,5154,4756,1764.57,1300,985.87,614,252,16,60,2678,2925,881,990,1087,859,750,502,258,276
3205309038,Itararé - Vitória,2495,347,2148,240,1561,684,2331,2494,3.16,7913,7869,6848,6523,95.25,7385,6935,1838.35,1500,1015.74,700,278,36,88,3771,4142,1065,1348,1496,1308,1106,771,402,417
3205309039,Joana D'arc - Vitória,888,112,872,16,568,221,876,888,3.21,2853,2850,2462,2379,96.63,2653,2513,2474.42,1800,1416.88,980,69,39,28,1394,1459,391,457,548,445,441,283,177,111
3205309040,Maruípe - Vitória,1294,196,1128,154,900,321,1259,1292,2.95,3859,3813,3507,3458,98.6,3701,3615,3961.52,3000,2016.36,1400,67,170,39,1789,2070,352,500,704,598,603,489,279,334
3205309041,Santa Cecília - Vitória,413,52,279,133,281,115,368,411,3.06,1264,1262,1155,1141,98.79,1208,1182,5089.97,4000,2527.24,1800,19,94,3,591,673,109,168,228,193,189,194,91,92
3205309042,Santa Martha - Vitória,2747,367,2241,482,1864,560,2731,2747,3.08,8456,8451,7203,6915,96,7828,7401,1943.75,1500,1087.17,750,310,38,69,4097,4359,1253,1379,1621,1469,1183,797,425,329
3205309043,Santos Dumont - Vitória,573,67,510,60,460,94,563,573,3.23,1850,1849,1595,1532,96.05,1736,1638,1900.14,1477.5,994.78,700,66,10,15,866,984,255,308,328,286,272,180,103,118
3205309044,São Benedito - Vitória,789,85,767,22,532,143,752,783,3.53,2789,2786,2246,2033,90.52,2535,2234,1274,1020,789.63,570,156,5,63,1338,1451,543,581,490,437,336,188,105,109
3205309045,São Cristovão - Vitória,1319,177,1130,180,969,277,1301,1319,3.12,4182,4112,3701,3577,96.65,3955,3766,2542.14,1900,1345.58,825,113,52,12,2026,2156,481,631,776,655,619,511,248,261
3205309046,Tabuazeiro - Vitória,2082,249,1848,182,1462,458,2061,2066,3.12,6496,6495,5643,5455,96.67,6092,5824,2274.51,1632,1228.88,800,190,64,65,3118,3378,853,1030,1233,1062,898,741,378,301
3205309047,Barro Vermelho - Vitória,2008,307,116,1890,1582,364,1800,2005,2.8,5629,5552,5101,5084,99.67,5357,5302,9905.96,8400,5419.79,4000,16,1072,48,2634,2995,528,703,973,933,882,844,453,313
3205309048,Enseada do Suá - Vitória,371,46,144,227,250,92,253,371,2.86,1062,1050,932,922,98.93,996,982,9012.87,7000,4856.07,3000,10,163,8,516,546,130,111,174,203,170,130,83,61
3205309049,Ilha do Boi - Vitória,340,16,216,121,298,34,232,339,3.27,1111,1096,1020,1002,98.24,1063,1040,14712.65,10000,7181.93,4000,12,199,5,542,569,91,144,181,165,131,160,139,100
3205309050,Ilha do Frade - Vitória,116,7,116,-,111,4,32,116,3.6,418,366,379,376,99.21,403,393,35035.32,21000,14836.74,6000,-,103,1,206,212,39,50,57,54,59,78,49,32
3205309051,Praia do Canto - Vitória,5630,1049,498,5127,4370,1068,5570,5628,2.69,15147,14960,13954,13852,99.27,14522,14321,10717.75,8200,5863.46,4000,81,2997,110,6845,8302,1193,1680,2614,2195,2100,2398,1520,1447
3205309052,Praia do Suá - Vitória,899,111,533,339,638,201,887,898,3.18,2885,2856,2516,2427,96.46,2694,2561,3632.7,1905,1975.13,900,107,111,31,1407,1478,369,452,579,504,377,300,149,155
3205309053,Santa Helena - Vitória,891,169,70,821,720,153,657,889,2.66,2372,2345,2143,2122,99.02,2258,2225,10941.25,9000,6184.7,4500,14,501,23,1110,1262,229,266,379,347,382,332,250,187
3205309054,Santa Lúcia - Vitória,1460,282,303,1143,1098,298,1394,1458,2.79,4367,4024,4049,4015,99.16,4216,4160,7006.62,5000,3850.42,2400,38,456,42,2050,2317,318,517,858,675,622,627,396,354
3205309055,Santa Luíza - Vitória,418,62,116,294,315,93,375,418,2.98,1245,1231,1124,1116,99.29,1187,1161,6544.56,4600,3492.87,2000,11,122,14,578,667,121,175,258,199,193,140,90,69
3205309057,Antonio Honório - Vitória,426,44,352,74,274,94,418,426,3.16,1347,1342,1246,1233,98.96,1295,1274,4404.62,3200,2148.76,1248,16,62,9,599,748,101,180,252,160,211,178,116,149
3205309058,Boa Vista - Vitória,378,48,360,17,257,92,370,378,3.13,1183,1159,1032,1001,97,1107,1072,2771.35,1900,1438.33,850,32,26,5,557,626,151,158,261,184,161,142,76,50
3205309059,Carapina I - Vitória,688,101,614,62,448,192,668,688,3.09,2125,2118,1915,1882,98.28,2017,1955,3263.31,2500,1650.41,1100,25,52,11,1000,1125,210,278,436,309,344,248,168,132
3205309060,De Fátima - Vitória,1222,184,669,536,686,465,1203,1220,2.94,3595,3579,3244,3192,98.4,3443,3343,3476.55,2800,1890.68,1230,47,92,33,1701,1894,351,503,730,599,567,449,244,152
3205309061,Goiabeiras - Vitória,876,139,513,181,568,248,859,875,3.01,2633,2626,2375,2311,97.31,2517,2409,2678.21,1810,1434.73,850,75,57,21,1255,1378,258,401,490,420,409,318,182,155
3205309062,Hélio Ferraz - Vitória,907,91,843,53,575,280,900,907,3.2,2906,2897,2536,2460,97,2716,2577,2805.68,2030,1452.84,980,37,46,21,1408,1498,370,455,601,513,328,344,177,118
3205309063,Jabour - Vitória,339,49,201,138,207,129,339,339,3.04,1066,1022,990,968,97.78,1025,998,4841.39,3650,2362.45,1565,7,62,1,540,526,76,134,212,149,177,137,97,84
3205309064,Jardim Camburí - Vitória,14451,2456,1752,12600,10336,3628,14337,14444,2.7,39157,38960,35046,34836,99.4,36983,36432,5468.89,4500,3066.59,2015,203,3112,271,18230,20927,4111,4677,7842,7785,6070,4969,2236,1467
3205309065,Jardim da Penha - Vitória,11445,2064,898,10519,7937,3084,11098,11429,2.67,30571,30373,28292,28104,99.34,29377,29006,6191.8,5000,3428.14,2300,227,3223,344,13702,16869,2279,3625,7274,4351,3970,4604,2522,1946
3205309066,Maria Ortiz - Vitória,4242,523,3694,420,2496,1448,4225,4239,3.11,13197,13169,11391,10896,95.65,12275,11530,2089.96,1574,1127.67,800,386,103,93,6264,6933,1806,2126,2752,2245,1713,1355,685,515
3205309067,Mata da Praia - Vitória,3460,388,907,2524,2825,552,3425,3460,3.06,10594,10485,9682,9646,99.63,10163,10094,11504.36,9500,5988.45,4000,29,2011,59,5005,5589,912,1453,1931,1303,1660,1751,1006,578
3205309068,Morada de Camburí - Vitória,370,37,250,120,286,63,363,370,3.15,1164,1153,1081,1073,99.26,1128,1109,7723.66,5521.5,3662.74,2000,9,133,4,549,615,83,153,227,146,167,216,110,62
3205309069,Parque Industrial - Vitória,5,1,5,-,1,1,-,5,2.4,12,12,10,8,80,12,10,766,860,638.33,510,2,-,1,6,6,2,-,2,2,2,2,2,-
3205309070,Pontal de Camburí - Vitória,280,24,201,74,212,57,249,280,3.18,889,884,797,787,98.75,845,826,4256.5,3007.5,2279.23,1500,17,50,10,452,437,92,114,176,131,119,112,89,56
3205309071,República - Vitória,1274,209,1198,60,912,304,1270,1274,2.95,3760,3744,3463,3433,99.13,3617,3550,4212.61,3020,2142.35,1500,39,173,15,1697,2063,297,424,650,535,562,443,413,436
3205309072,Segurança do Lar - Vitória,179,23,102,77,88,76,173,179,3.07,550,550,505,496,98.22,534,511,3495.11,2620,1681.78,1000,11,15,4,263,287,45,70,123,77,76,69,51,39
3205309073,Solon Borges - Vitória,520,87,333,186,330,134,520,520,2.92,1523,1514,1356,1332,98.23,1446,1400,2903.48,2250,1509.64,1000,25,24,3,706,817,167,207,268,210,267,141,108,155
3205309074,Condusa - Vitória,283,45,279,1,232,45,265,281,3.16,894,894,743,727,97.85,820,797,986.69,1020,706.92,600,40,-,56,438,456,151,158,191,145,114,66,43,26
3205309075,Conquista - Vitória,547,71,525,20,421,91,524,547,3.5,1914,1914,1514,1355,89.5,1713,1474,1544.76,1020,885.73,515,106,8,22,926,988,400,409,357,302,209,131,70,36
3205309076,Ilha das Caieiras - Vitória,536,58,531,-,402,92,470,536,3.44,1845,1844,1524,1466,96.19,1699,1619,1381.87,1170,787.97,600,92,1,14,906,939,321,389,355,300,227,166,49,38
3205309077,Nova Palestina - Vitória,1858,192,1723,115,1344,430,1840,1858,3.48,6471,6469,5284,4886,92.47,5870,5265,1366.08,1110,773.03,575,342,10,69,3117,3354,1187,1393,1237,996,761,529,227,141
3205309078,Redenção - Vitória,960,95,905,39,652,238,950,958,3.25,3125,3119,2595,2418,93.18,2852,2583,1391.26,1200,796.36,600,153,1,37,1476,1649,530,539,672,492,393,286,129,84
3205309079,Resistência - Vitória,1983,226,1903,70,1547,287,1925,1979,3.34,6620,6612,5512,5184,94.05,6050,5594,1377.74,1130,781.37,590,358,7,57,3194,3426,1108,1306,1401,1023,783,566,263,170
3205309080,Santo André - Vitória,914,105,849,37,587,231,901,914,3.34,3054,3054,2519,2361,93.73,2781,2549,1462.43,1210,784.43,600,132,2,16,1461,1593,535,570,641,478,340,295,115,80
3205309081,Santos Reis - Vitória,318,43,304,14,234,63,312,318,3.3,1049,1049,865,826,95.49,954,885,1228.07,1020,716.56,510,77,1,14,483,566,184,226,208,174,110,93,37,17
3205309082,São José - Vitória,1260,125,1226,33,847,291,1236,1251,3.55,4480,4476,3614,3423,94.71,4067,3757,1480.45,1278.5,805.25,600,180,6,66,2190,2290,866,808,947,728,501,356,170,104
3205309083,São Pedro - Vitória,1295,128,1270,25,932,281,1275,1292,3.32,4294,4294,3612,3383,93.66,3963,3631,1592.32,1300,872.64,600,179,5,28,2042,2252,682,779,802,732,541,403,222,133
